Team,Year,Opp1,Opp2,Opp3,Opp4,Opp5,Opp6,Opp7,Opp8,Opp9,Opp10,Opp11,Opp12,Opp13,Opp14,Opp15,Opp16,Opp17
ARI,2019,DET,BAL,CAR,SEA,CIN,ATL,NYG,NOR,SFO,TAM,SFO,LAR,PIT,CLE,SEA,LAR,
ATL,2019,MIN,PHI,IND,TEN,HOU,ARI,LAR,SEA,NOR,CAR,TAM,NOR,CAR,SFO,JAX,TAM,
BAL,2019,MIA,ARI,KAN,CLE,PIT,CIN,SEA,NWE,CIN,HOU,LAR,SFO,BUF,NYJ,CLE,PIT,
BUF,2019,NYJ,NYG,CIN,NWE,TEN,MIA,PHI,WAS,CLE,MIA,DEN,DAL,BAL,PIT,NWE,NYJ,
CAR,2019,LAR,TAM,ARI,HOU,JAX,TAM,SFO,TEN,GNB,ATL,NOR,WAS,ATL,SEA,IND,NOR,
CHI,2019,GNB,DEN,WAS,MIN,OAK,NOR,LAC,PHI,DET,LAR,NYG,DET,DAL,GNB,KAN,MIN,
CIN,2019,SEA,SFO,BUF,PIT,ARI,BAL,JAX,LAR,BAL,OAK,PIT,NYJ,CLE,NWE,MIA,CLE,
CLE,2019,TEN,NYJ,LAR,BAL,SFO,SEA,NWE,DEN,BUF,PIT,MIA,PIT,CIN,ARI,BAL,CIN,
DAL,2019,NYG,WAS,MIA,NOR,GNB,NYJ,PHI,NYG,MIN,DET,NWE,BUF,CHI,LAR,PHI,WAS,
DEN,2019,OAK,CHI,GNB,JAX,LAC,TEN,KAN,IND,CLE,MIN,BUF,LAC,HOU,KAN,DET,OAK,
DET,2019,ARI,LAC,PHI,KAN,GNB,MIN,NYG,OAK,CHI,DAL,WAS,CHI,MIN,TAM,DEN,GNB,
GNB,2019,CHI,MIN,DEN,PHI,DAL,DET,OAK,KAN,LAC,CAR,SFO,NYG,WAS,CHI,MIN,DET,
HOU,2019,NOR,JAX,LAC,CAR,ATL,KAN,IND,OAK,JAX,BAL,IND,NWE,DEN,TEN,TAM,TEN,
IND,2019,LAC,TEN,ATL,OAK,KAN,HOU,DEN,PIT,MIA,JAX,HOU,TEN,TAM,NOR,CAR,JAX,
JAX,2019,KAN,HOU,TEN,DEN,CAR,NOR,CIN,NYJ,HOU,IND,TEN,TAM,LAC,OAK,ATL,IND,
KAN,2019,JAX,OAK,BAL,DET,IND,HOU,DEN,GBP,MIN,TEN,LAC,OAK,NWE,DEN,CHI,LAC,
LAC,2019,IND,DET,HOU,MIA,DEN,PIT,TEN,CHI,GBP,OAK,KAN,DEN,JAX,MIN,OAK,KAN,
LAR,2019,CAR,NOR,CLE,TAM,SEA,SFO,ATL,CIN,PIT,CHI,BAL,ARI,SEA,DAL,SFO,ARI,
MIA,2019,BAL,NWE,DAL,LAC,WAS,BUF,PIT,NYJ,IND,BUF,CLE,PHI,NYJ,NYG,CIN,NWE,
MIN,2019,ATL,GNB,OAK,CHI,NYG,PHI,DET,WAS,KAN,DAL,DEN,SEA,DET,LAC,GNB,CHI,
NOR,2019,HOU,LAR,SEA,DAL,TAM,JAX,CHI,ARI,ATL,TAM,CAR,ATL,SFO,IND,TEN,CAR,
NWE,2019,PIT,MIA,NYJ,BUF,WAS,NYG,NYJ,CLE,BAL,PHI,DAL,HOU,KAN,CIN,BUF,MIA,
NYG,2019,DAL,BUF,TAM,WAS,MIN,NWE,ARI,DET,DAL,NYJ,CHI,GNB,PHI,MIA,WAS,PHI,
NYJ,2019,BUF,CLE,NWE,PHI,DAL,NWE,JAX,MIA,NYG,WAS,OAK,CIN,MIA,BAL,PIT,BUF,
OAK,2019,DEN,KAN,MIN,IND,CHI,GNB,HOU,DET,LAC,CIN,NYJ,KAN,TEN,JAX,LAC,DEN,
PHI,2019,WAS,ATL,DET,GNB,NYJ,MIN,DAL,BUF,CHI,NWE,SEA,MIA,NYG,WAS,DAL,NYG,
PIT,2019,NWE,SEA,SFO,CIN,BAL,LAC,MIA,IND,LAR,CLE,CIN,CLE,ARI,BUF,NYJ,BAL,
SEA,2019,CIN,PIT,NOR,ARI,LAR,CLE,BAL,ATL,TAM,SFO,PHI,MIN,LAR,CAR,ARI,SFO,
SFO,2019,TAM,CIN,PIT,CLE,LAR,WAS,CAR,ARI,SEA,ARI,GNB,BAL,NOR,ATL,LAR,SEA,
TAM,2019,SFO,CAR,NYG,LAR,NOR,CAR,TEN,SEA,ARI,NOR,ATL,JAX,IND,DET,HOU,ATL,
TEN,2019,CLE,IND,JAX,ATL,BUF,DEN,LAC,TAM,CAR,KAN,JAX,IND,OAK,HOU,NOR,HOU,
WAS,2019,PHI,DAL,CHI,NYG,NWE,MIA,SFO,MIN,BUF,NYJ,DET,CAR,GNB,PHI,NYG,DAL,
ARI,2020,SFO,WAS,DET,CAR,NYJ,DAL,SEA,MIA,BUF,SEA,NWE,LAR,NYG,PHI,SFO,LAR,
ATL,2020,SEA,DAL,CHI,GNB,CAR,MIN,DET,CAR,DEN,NOR,LVR,NOR,LAC,TAM,KAN,TAM,
BAL,2020,CLE,HOU,KAN,WAS,CIN,PHI,PIT,IND,NWE,TEN,PIT,DAL,CLE,JAX,NYG,CIN,
BUF,2020,NYJ,MIA,LAR,LVR,TEN,KAN,NYJ,NWE,SEA,ARI,LAC,SFO,PIT,DEN,NWE,MIA,
CAR,2020,LVR,TAM,LAC,ARI,ATL,CHI,NOR,ATL,KAN,TAM,DET,MIN,DEN,GNB,WAS,NOR,
CHI,2020,DET,NYG,ATL,IND,TAM,CAR,LAR,NOR,TEN,MIN,GNB,DET,HOU,MIN,JAX,GNB,
CIN,2020,LAC,CLE,PHI,JAX,BAL,IND,CLE,TEN,PIT,WAS,NYG,MIA,DAL,PIT,HOU,BAL,
CLE,2020,BAL,CIN,WAS,DAL,IND,PIT,CIN,LVR,HOU,PHI,JAX,TEN,BAL,NYG,NYJ,PIT,
DAL,2020,LAR,ATL,SEA,CLE,NYG,ARI,WAS,PHI,PIT,MIN,WAS,BAL,CIN,SFO,PHI,NYG,
DEN,2020,TEN,PIT,TAM,NYJ,NWE,KAN,LAC,ATL,LVR,MIA,NOR,KAN,CAR,BUF,LAC,LVR,
DET,2020,CHI,GNB,ARI,NOR,JAX,ATL,IND,MIN,WAS,CAR,HOU,CHI,GNB,TEN,TAM,MIN,
GNB,2020,MIN,DET,NOR,ATL,TAM,HOU,MIN,SFO,JAX,IND,CHI,PHI,DET,CAR,TEN,CHI,
HOU,2020,KAN,BAL,PIT,MIN,JAX,TEN,GNB,JAX,CLE,NWE,DET,IND,CHI,IND,CIN,TEN,
IND,2020,JAX,MIN,NYJ,CHI,CLE,CIN,DET,BAL,TEN,GNB,TEN,HOU,LVR,HOU,PIT,JAX,
JAX,2020,IND,TEN,MIA,CIN,HOU,DET,LAC,HOU,GNB,PIT,CLE,MIN,TEN,BAL,CHI,IND,
LAC,2020,CIN,KAN,CAR,TAM,NOR,JAX,DEN,LVR,MIA,NYJ,BUF,NWE,ATL,LVR,DEN,KAN,
LVR,2020,CAR,NOR,NWE,BUF,KAN,TAM,CLE,LAC,DEN,KAN,ATL,NYJ,IND,LAC,MIA,DEN,
MIA,2020,NWE,BUF,JAX,SEA,SFO,NYJ,LAR,ARI,LAC,DEN,NYJ,CIN,KAN,NWE,LVR,BUF,
MIN,2020,GNB,IND,TEN,HOU,SEA,ATL,GNB,DET,CHI,DAL,CAR,JAX,TAM,CHI,NOR,DET,
NOR,2020,TAM,LVR,GNB,DET,LAC,CAR,CHI,TAM,SFO,ATL,DEN,ATL,PHI,KAN,MIN,CAR,
NWE,2020,MIA,SEA,LVR,KAN,DEN,SFO,BUF,NYJ,BAL,HOU,ARI,LAC,LAR,MIA,BUF,NYJ,
NYG,2020,PIT,CHI,SFO,LAR,DAL,WAS,PHI,TAM,WAS,PHI,CIN,SEA,ARI,CLE,BAL,DAL,
NYJ,2020,BUF,SFO,IND,DEN,ARI,MIA,BUF,KAN,NWE,LAC,MIA,LVR,SEA,LAR,CLE,NWE,
PHI,2020,WAS,LAR,CIN,SFO,PIT,BAL,NYG,DAL,NYG,CLE,SEA,GNB,NOR,ARI,DAL,WAS,
PIT,2020,NYG,DEN,HOU,PHI,CLE,TEN,BAL,DAL,CIN,JAX,BAL,WAS,BUF,CIN,IND,CLE,
SEA,2020,ATL,NWE,DAL,MIA,MIN,ARI,SFO,BUF,LAR,ARI,PHI,NYG,NYJ,WAS,LAR,SFO,
SFO,2020,ARI,NYJ,NYG,PHI,MIA,LAR,NWE,SEA,GNB,NOR,LAR,BUF,WAS,DAL,ARI,SEA,
TAM,2020,NOR,CAR,DEN,LAC,CHI,GNB,LVR,NYG,NOR,CAR,LAR,KAN,MIN,ATL,DET,ATL,
TEN,2020,DEN,JAX,MIN,BUF,HOU,PIT,CIN,CHI,IND,BAL,IND,CLE,JAX,DET,GNB,HOU,
WAS,2020,PHI,ARI,CLE,BAL,LAR,NYG,DAL,NYG,DET,CIN,DAL,PIT,SFO,SEA,CAR,PHI,
KAN,2020,HOU,LAC,BAL,NWE,LVR,BUF,DEN,NYJ,CAR,LVR,TAM,DEN,MIA,NOR,ATL,LAC,
LAR,2020,DAL,PHI,BUF,NYG,WAS,SFO,CHI,MIA,SEA,TAM,SFO,ARI,NWE,NYJ,SEA,ARI,
ARI,2021,TEN,MIN,JAX,LAR,SFO,CLE,HOU,GNB,SFO,CAR,SEA,CHI,LAR,DET,IND,DAL,SEA
ATL,2021,PHI,TAM,NYG,WAS,NYJ,MIA,CAR,NOR,DAL,NWE,JAX,TAM,CAR,SFO,DET,BUF,NOR
BAL,2021,LVR,KAN,DET,DEN,IND,LAC,CIN,MIN,MIA,CHI,CLE,PIT,CLE,GNB,CIN,LAR,PIT
BUF,2021,PIT,MIA,WAS,HOU,KAN,TEN,MIA,JAX,NYJ,IND,NOR,NWE,TAM,CAR,NWE,ATL,NYJ
CAR,2021,NYJ,NOR,HOU,DAL,PHI,MIN,NYG,ATL,NWE,ARI,WAS,MIA,ATL,BUF,TAM,NOR,TAM
CHI,2021,LAR,CIN,CLE,DET,LVR,GNB,TAM,SFO,PIT,BAL,DET,ARI,GNB,MIN,SEA,NYG,MIN
CIN,2021,MIN,CHI,PIT,JAX,GNB,DET,BAL,NYJ,CLE,LVR,PIT,LAC,SFO,DEN,BAL,KAN,CLE
CLE,2021,KAN,HOU,CHI,MIN,LAC,ARI,DEN,PIT,CIN,NWE,DET,BAL,BAL,LVR,GNB,PIT,CIN
DAL,2021,TAM,LAC,PHI,CAR,NYG,NWE,MIN,DEN,ATL,KAN,LVR,NOR,WAS,NYG,WAS,ARI,PHI
DEN,2021,NYG,JAX,NYJ,BAL,PIT,LVR,CLE,WAS,DAL,PHI,LAC,KAN,DET,CIN,LVR,LAC,KAN
DET,2021,SFO,GNB,BAL,CHI,MIN,CIN,LAR,PHI,PIT,CLE,CHI,MIN,DEN,ARI,ATL,SEA,GNB
GNB,2021,NOR,DET,SFO,PIT,CIN,CHI,WAS,ARI,KAN,SEA,MIN,LAR,CHI,BAL,CLE,MIN,DET
HOU,2021,JAX,CLE,CAR,BUF,NWE,IND,ARI,LAR,MIA,TEN,NYJ,IND,SEA,JAX,LAC,SFO,TEN
IND,2021,SEA,LAR,TEN,MIA,BAL,HOU,SFO,TEN,NYJ,JAX,BUF,TAM,HOU,NWE,ARI,LVR,JAX
JAX,2021,HOU,DEN,ARI,CIN,TEN,MIA,SEA,BUF,IND,SFO,ATL,LAR,TEN,HOU,NYJ,NWE,IND
KAN,2021,CLE,BAL,LAC,PHI,BUF,WAS,TEN,NYG,GNB,LVR,DAL,DEN,LVR,LAC,PIT,CIN,DEN
LAC,2021,WAS,DAL,KAN,LVR,CLE,BAL,NWE,PHI,MIN,PIT,DEN,CIN,NYG,KAN,HOU,DEN,LVR
LAR,2021,CHI,IND,TAM,ARI,SEA,NYG,DET,HOU,TEN,SFO,GNB,JAX,ARI,SEA,MIN,BAL,SFO
LVR,2021,BAL,PIT,MIA,LAC,CHI,DEN,PHI,NYG,KAN,CIN,DAL,WAS,KAN,CLE,DEN,IND,LAC
MIA,2021,NWE,BUF,LVR,IND,TAM,JAX,ATL,BUF,HOU,BAL,NYJ,CAR,NYG,NYJ,NOR,TEN,NWE
MIN,2021,CIN,ARI,SEA,CLE,DET,CAR,DAL,BAL,LAC,GNB,SFO,DET,PIT,CHI,LAR,GNB,CHI
NOR,2021,GNB,CAR,NWE,NYG,WAS,SEA,TAM,ATL,TEN,PHI,BUF,DAL,NYJ,TAM,MIA,CAR,ATL
NWE,2021,MIA,NYJ,NOR,TAM,HOU,DAL,NYJ,LAC,CAR,CLE,ATL,TEN,BUF,IND,BUF,JAX,MIA
NYG,2021,DEN,WAS,ATL,NOR,DAL,LAR,CAR,KAN,LVR,TAM,PHI,MIA,LAC,DAL,PHI,CHI,WAS
NYJ,2021,CAR,NWE,DEN,TEN,ATL,NWE,CIN,IND,BUF,MIA,HOU,PHI,NOR,MIA,JAX,TAM,BUF
PHI,2021,ATL,SFO,DAL,KAN,CAR,TAM,LVR,DET,LAC,DEN,NOR,NYG,NYJ,WAS,NYG,WAS,DAL
PIT,2021,BUF,LVR,CIN,GNB,DEN,SEA,CLE,CHI,DET,LAC,CIN,BAL,MIN,TEN,KAN,CLE,BAL
SEA,2021,IND,TEN,MIN,SFO,LAR,PIT,NOR,JAX,GNB,ARI,WAS,SFO,HOU,LAR,CHI,DET,ARI
SFO,2021,DET,PHI,GNB,SEA,ARI,IND,CHI,ARI,LAR,JAX,MIN,SEA,CIN,ATL,TEN,HOU,LAR
TAM,2021,DAL,ATL,LAR,NWE,MIA,PHI,CHI,NOR,WAS,NYG,IND,ATL,BUF,NOR,CAR,NYJ,CAR
TEN,2021,ARI,SEA,IND,NYJ,JAX,BUF,KAN,IND,LAR,NOR,HOU,NWE,JAX,PIT,SFO,MIA,HOU
WAS,2021,LAC,NYG,BUF,ATL,NOR,KAN,GNB,DEN,TAM,CAR,SEA,LVR,DAL,PHI,DAL,PHI,NYG
ARI,2022,KAN,LVR,LAR,CAR,PHI,SEA,NOR,MIN,SEA,LAR,SFO,LAC,NWE,DEN,TAM,ATL,SFO
ATL,2022,NOR,LAR,SEA,CLE,TAM,SFO,CIN,CAR,LAC,CAR,CHI,WAS,PIT,NOR,BAL,ARI,TAM
BAL,2022,NYJ,MIA,NWE,BUF,CIN,NYG,CLE,TAM,NOR,CAR,JAX,DEN,PIT,CLE,ATL,PIT,CIN
BUF,2022,LAR,TEN,MIA,BAL,PIT,KAN,GNB,NYJ,MIN,CLE,DET,NWE,NYJ,MIA,CHI,CIN,NWE
CAR,2022,CLE,NYG,NOR,ARI,SFO,LAR,TAM,ATL,CIN,ATL,BAL,DEN,SEA,PIT,DET,TAM,NOR
CHI,2022,SFO,GNB,HOU,NYG,MIN,WAS,NWE,DAL,MIA,DET,ATL,NYJ,GNB,PHI,BUF,DET,MIN
CIN,2022,PIT,DAL,NYJ,MIA,BAL,NOR,ATL,CLE,CAR,PIT,TEN,KAN,CLE,TAM,NWE,BUF,BAL
CLE,2022,CAR,NYJ,PIT,ATL,LAC,NWE,BAL,CIN,MIA,BUF,TAM,HOU,CIN,BAL,NOR,WAS,PIT
DAL,2022,TAM,CIN,NYG,WAS,LAR,PHI,DET,CHI,GNB,MIN,NYG,IND,HOU,JAX,PHI,TEN,WAS
DEN,2022,SEA,HOU,SFO,LVR,IND,LAC,NYJ,JAX,TEN,LVR,CAR,BAL,KAN,ARI,LAR,KAN,LAC
DET,2022,PHI,WAS,MIN,SEA,NWE,DAL,MIA,GNB,CHI,NYG,BUF,JAX,MIN,NYJ,CAR,CHI,GNB
GNB,2022,MIN,CHI,TAM,NWE,NYG,NYJ,WAS,BUF,DET,DAL,TEN,PHI,CHI,LAR,MIA,MIN,DET
HOU,2022,IND,DEN,CHI,LAC,JAX,LVR,TEN,PHI,NYG,WAS,MIA,CLE,DAL,KAN,TEN,JAX,IND
IND,2022,HOU,JAX,KAN,TEN,DEN,JAX,TEN,WAS,NWE,LVR,PHI,PIT,DAL,MIN,LAC,NYG,HOU
JAX,2022,WAS,IND,LAC,PHI,HOU,IND,NYG,DEN,LVR,KAN,BAL,DET,TEN,DAL,NYJ,HOU,TEN
KAN,2022,ARI,LAC,IND,TAM,LVR,BUF,SFO,TEN,JAX,LAC,LAR,CIN,DEN,HOU,SEA,DEN,LVR
LAC,2022,LVR,KAN,JAX,HOU,CLE,DEN,SEA,ATL,SFO,KAN,ARI,LVR,MIA,TEN,IND,LAR,DEN
LAR,2022,BUF,ATL,ARI,SFO,DAL,CAR,SFO,TAM,ARI,NOR,KAN,SEA,LVR,GNB,DEN,LAC,SEA
LVR,2022,LAC,ARI,TEN,DEN,KAN,HOU,NOR,JAX,IND,DEN,SEA,LAC,LAR,NWE,PIT,SFO,KAN
MIA,2022,NWE,BAL,BUF,CIN,NYJ,MIN,PIT,DET,CHI,CLE,HOU,SFO,LAC,BUF,GNB,NWE,NYJ
MIN,2022,GNB,PHI,DET,NOR,CHI,MIA,ARI,WAS,BUF,DAL,NWE,NYJ,DET,IND,NYG,GNB,CHI
NOR,2022,ATL,TAM,CAR,MIN,SEA,CIN,ARI,LVR,BAL,PIT,LAR,SFO,TAM,ATL,CLE,PHI,CAR
NWE,2022,MIA,PIT,BAL,GNB,DET,CLE,CHI,NYJ,IND,NYJ,MIN,BUF,ARI,LVR,CIN,MIA,BUF
NYG,2022,TEN,CAR,DAL,CHI,GNB,BAL,JAX,SEA,HOU,DET,DAL,WAS,PHI,WAS,MIN,IND,PHI
NYJ,2022,BAL,CLE,CIN,PIT,MIA,GNB,DEN,NWE,BUF,NWE,CHI,MIN,BUF,DET,JAX,SEA,MIA
PHI,2022,DET,MIN,WAS,JAX,ARI,DAL,PIT,HOU,WAS,IND,GNB,TEN,NYG,CHI,DAL,NOR,NYG
PIT,2022,CIN,NWE,CLE,NYJ,BUF,TAM,MIA,PHI,NOR,CIN,IND,ATL,BAL,CAR,LVR,BAL,CLE
SEA,2022,DEN,SFO,ATL,DET,NOR,ARI,LAC,NYG,ARI,TAM,LVR,LAR,CAR,SFO,KAN,NYJ,LAR
SFO,2022,CHI,SEA,DEN,LAR,CAR,ATL,KAN,LAR,LAC,ARI,NOR,MIA,TAM,SEA,WAS,LVR,ARI
TAM,2022,DAL,NOR,GNB,KAN,ATL,PIT,CAR,BAL,LAR,SEA,CLE,NOR,SFO,CIN,ARI,CAR,ATL
TEN,2022,NYG,BUF,LVR,IND,WAS,IND,HOU,KAN,DEN,GNB,CIN,PHI,JAX,LAC,HOU,DAL,JAX
WAS,2022,JAX,DET,PHI,DAL,TEN,CHI,GNB,IND,MIN,PHI,HOU,ATL,NYG,NYG,SFO,CLE,DAL
ARI,2023,WAS,NYG,DAL,SFO,CIN,LAR,SEA,BAL,CLE,ATL,HOU,LAR,PIT,SFO,CHI,PHI,SEA
ATL,2023,CAR,GNB,DET,JAX,HOU,WAS,TAM,TEN,MIN,ARI,NOR,NYJ,TAM,CAR,IND,CHI,NOR
BAL,2023,HOU,CIN,IND,CLE,PIT,TEN,DET,ARI,SEA,CLE,CIN,LAC,LAR,JAX,SFO,MIA,PIT
BUF,2023,NYJ,LVR,WAS,MIA,JAX,NYG,NWE,TAM,CIN,DEN,NYJ,PHI,KAN,DAL,LAC,NWE,MIA
CAR,2023,ATL,NOR,SEA,MIN,DET,MIA,HOU,IND,CHI,DAL,TEN,TAM,NOR,ATL,GNB,JAX,TAM
CHI,2023,GNB,TAM,KAN,DEN,WAS,MIN,LVR,LAC,NOR,CAR,DET,MIN,DET,CLE,ARI,ATL,GNB
CIN,2023,CLE,BAL,LAR,TEN,ARI,SEA,SFO,BUF,HOU,BAL,PIT,JAX,IND,MIN,PIT,KAN,CLE
CLE,2023,CIN,PIT,TEN,BAL,SFO,IND,SEA,ARI,BAL,PIT,DEN,LAR,JAX,CHI,HOU,NYJ,CIN
DAL,2023,NYG,NYJ,ARI,NWE,SFO,LAC,LAR,PHI,NYG,CAR,WAS,SEA,PHI,BUF,MIA,DET,WAS
DEN,2023,LVR,WAS,MIA,CHI,NYJ,KAN,GNB,BUF,MIN,CLE,HOU,LAC,DET,NWE,LAC,KAN,LVR
DET,2023,KAN,SEA,ATL,GNB,CAR,TAM,BAL,LVR,LAC,CHI,GNB,NOR,CHI,DEN,MIN,DAL,MIN
GNB,2023,CHI,ATL,NOR,DET,LVR,DEN,MIN,LAR,PIT,LAC,DET,NYG,TAM,CAR,MIN,CHI,KAN
HOU,2023,BAL,IND,JAX,PIT,ATL,NOR,CAR,TAM,CIN,ARI,JAX,DEN,NYJ,TEN,CLE,TEN,IND
IND,2023,JAX,HOU,BAL,LAR,TEN,JAX,CLE,NOR,NWE,TAM,TEN,CIN,PIT,ATL,LVR,NYG,HOU
JAX,2023,IND,KAN,HOU,ATL,BUF,IND,NOR,PIT,SFO,TEN,HOU,CIN,CLE,BAL,CAR,TEN,IND
KAN,2023,DET,JAX,CHI,NYJ,MIN,DEN,LAC,DEN,MIA,PHI,LVR,GNB,BUF,NWE,LVR,CIN,LAC
LAC,2023,MIA,TEN,MIN,LVR,DAL,KAN,CHI,NYJ,DET,GNB,BAL,NWE,DEN,BUF,LVR,KAN,DEN
LAR,2023,SEA,SFO,CIN,IND,PHI,ARI,PIT,DAL,GNB,BAL,CLE,ARI,WAS,NOR,NYG,SFO,SEA
LVR,2023,DEN,BUF,PIT,LAC,GNB,NWE,CHI,DET,NYG,NYJ,MIA,KAN,MIN,LAC,KAN,IND,DEN
MIA,2023,LAC,NWE,DEN,BUF,NYG,CAR,PHI,NWE,KAN,LVR,NYJ,WAS,TEN,NYJ,DAL,BAL,BUF
MIN,2023,TAM,PHI,LAC,CAR,KAN,CHI,SFO,GNB,ATL,NOR,DEN,CHI,LVR,CIN,DET,GNB,DET
NWE,2023,PHI,MIA,NYJ,DAL,NOR,LVR,BUF,MIA,WAS,IND,NYG,LAC,PIT,KAN,DEN,BUF,NYJ
NOR,2023,TEN,CAR,GNB,TAM,NWE,HOU,JAX,IND,CHI,MIN,ATL,DET,CAR,NYG,LAR,TAM,ATL
NYG,2023,DAL,ARI,SFO,SEA,BUF,WAS,NYJ,LVR,DAL,WAS,NWE,GNB,NOR,PHI,LAC,PHI,LAR
NYJ,2023,BUF,DAL,NWE,KAN,DEN,PHI,NYG,LAC,LVR,BUF,MIA,ATL,HOU,MIA,WAS,CLE,NWE
PHI,2023,NWE,MIN,TAM,WAS,LAR,NYJ,MIA,WAS,DAL,KAN,BUF,SFO,DAL,SEA,NYG,ARI,NYG
PIT,2023,SFO,CLE,LVR,HOU,BAL,LAR,JAX,TEN,GNB,CLE,CIN,ARI,NWE,IND,CIN,SEA,BAL
SEA,2023,LAR,DET,CAR,NYG,CIN,ARI,CLE,BAL,WAS,LAR,SFO,DAL,SFO,PHI,TEN,PIT,ARI
SFO,2023,PIT,LAR,NYG,ARI,DAL,CLE,MIN,CIN,JAX,TAM,SEA,PHI,SEA,ARI,BAL,WAS,LAR
TAM,2023,MIN,CHI,PHI,NOR,DET,ATL,BUF,HOU,TEN,SFO,IND,CAR,ATL,GNB,JAX,NOR,CAR
TEN,2023,NOR,LAC,CLE,CIN,IND,BAL,ATL,PIT,TAM,JAX,CAR,IND,MIA,HOU,SEA,HOU,JAX
WAS,2023,ARI,DEN,BUF,PHI,CHI,ATL,NYG,PHI,NWE,SEA,NYG,DAL,MIA,LAR,NYJ,SFO,DAL
ARI,2024,BUF,MIA,DET,MIN,SFO,DAL,CHI,SEA,CLE,GNB,PIT,LAR,NYJ,CAR,ATL,TEN,LVR
ATL,2024,PIT,PHI,NOR,KAN,WAS,TAM,SEA,DET,MIN,HOU,DEN,GNB,SFO,LAC,CIN,LVR,CAR
BAL,2024,KAN,LVR,DAL,BUF,WAS,PIT,CIN,CLE,TAM,DEN,NOR,SFO,MIA,NWE,HOU,NYJ,CAR
BUF,2024,ARI,MIA,NYJ,HOU,BAL,CIN,NWE,SFO,DAL,TEN,PHI,KAN,DET,JAX,GNB,LVR,PIT
CAR,2024,NOR,LAC,CHI,MIN,CLE,HOU,ATL,DEN,TAM,NYG,WAS,SFO,CIN,JAX,BAL,TEN,SEA
CHI,2024,TEN,HOU,IND,MIN,LAR,CAR,NWE,DET,NYG,SFO,GNB,PIT,SEA,CLE,ATL,WAS,ARI
CIN,2024,NWE,IND,BAL,PIT,WAS,TEN,JAX,CLE,DAL,NYG,BUF,HOU,KAN,LVR,SEA,MIN,DET
CLE,2024,DAL,JAX,NYG,KAN,CAR,PIT,BAL,HOU,NYJ,CIN,LAR,DEN,SEA,CHI,MIA,WAS,BUF
DAL,2024,CLE,NOR,BAL,SFO,NYG,PIT,PHI,NYJ,TEN,CIN,WAS,HOU,ATL,DET,LAC,TAM,SEA
DEN,2024,SEA,PIT,NYJ,KAN,LVR,HOU,SFO,BAL,LAC,ATL,CLE,NWE,IND,MIN,DET,CIN,CAR
DET,2024,LAR,TAM,HOU,SEA,ATL,CHI,MIN,SFO,BUF,DAL,CAR,GNB,JAX,KAN,DEN,NYJ,NYG
GNB,2024,NWE,IND,MIN,JAX,CHI,DAL,HOU,CLE,TEN,SFO,PHI,DET,BUF,ATL,LAR,PIT,NYJ
HOU,2024,IND,CHI,BAL,TEN,CAR,DEN,KAN,CLE,NYJ,BUF,LAC,JAX,PIT,GNB,MIA,SFO,DAL
IND,2024,HOU,GNB,CHI,JAX,CIN,TEN,BUF,NYJ,MIA,PIT,LAR,DEN,CLE,ATL,PHI,BAL,NWE
JAX,2024,MIA,CLE,IND,HOU,BUF,CIN,SFO,TEN,NYJ,KAN,NWE,ATL,DET,NWE,LVR,CAR,PIT
KAN,2024,BAL,CIN,ATL,LAR,BUF,DEN,LVR,SFO,NYJ,NWE,TEN,HOU,GNB,SEA,CHI,JAX,PIT
LVR,2024,LAC,BAL,PIT,DEN,KAN,CHI,NYJ,HOU,SEA,SFO,MIA,IND,ATL,BUF,CLE,CIN,ARI
LAC,2024,LVR,CAR,PIT,DAL,DEN,KAN,HOU,BUF,ATL,JAX,NYG,MIA,NWE,SFO,TAM,NYJ,ARI
LAR,2024,DET,SFO,CHI,GNB,CLE,SEA,KAN,LAC,NYJ,BUF,MIN,NWE,TEN,BAL,ARI,DAL,NYG
MIA,2024,JAX,BUF,HOU,NYJ,DEN,ARI,SFO,NWE,BAL,PHI,TEN,DET,LVR,CIN,WAS,PIT,CLE
MIN,2024,NYG,SFO,CAR,GNB,HOU,DET,ATL,PHI,CLE,NWE,DAL,PIT,JAX,SEA,LVR,TEN,CHI
NWE,2024,CIN,KAN,PIT,HOU,BUF,NYJ,DAL,IND,SFO,NYG,MIA,LAR,SEA,JAX,WAS,DET,PHI
NOR,2024,CAR,ATL,NYG,TEN,DAL,TAM,CHI,PHI,SEA,BAL,NWE,LAR,CLE,MIN,BUF,LAC,NYJ
NYG,2024,MIN,PHI,WAS,DAL,SFO,CIN,CHI,TEN,LAR,NWE,SEA,HOU,BAL,JAX,MIA,DET,CAR
NYJ,2024,NWE,TEN,BUF,IND,HOU,KAN,LVR,DEN,SFO,DAL,ARI,SEA,PIT,MIN,GNB,CLE,PHI
PHI,2024,GNB,ATL,NOR,TAM,SEA,DAL,PIT,NYG,HOU,BUF,JAX,DET,MIA,SFO,NYJ,WAS,NWE
PIT,2024,ATL,DEN,LAC,CIN,BAL,CLE,NWE,NYJ,IND,SEA,SFO,BUF,CHI,KAN,MIA,TEN,PHI
SFO,2024,NYJ,MIN,ARI,DAL,LAR,KAN,SEA,HOU,NWE,BUF,DET,BAL,MIA,PHI,GNB,TEN,WAS
SEA,2024,DEN,NYJ,BUF,SFO,ATL,CLE,NYG,LAR,MIA,PIT,PHI,TEN,BAL,ARI,DET,WAS,CAR
TAM,2024,WAS,DET,NWE,CAR,SFO,ATL,PHI,NYG,BAL,JAX,MIA,LAR,CIN,CHI,KAN,SEA,CLE
TEN,2024,CHI,NYJ,BAL,CIN,HOU,JAX,IND,PIT,DAL,BUF,SEA,PHI,ARI,KAN,CAR,MIN,WAS
WAS,2024,TAM,NYG,ATL,PIT,BAL,CLE,NWE,PHI,CAR,JAX,DAL,DET,BUF,MIA,HOU,SFO,TEN
ARI,2025,NOR,CAR,SFO,SEA,TEN,IND,GNB,DAL,SEA,SFO,JAX,TAM,LAR,HOU,ATL,CIN,LAR
ATL,2025,TAM,MIN,CAR,WAS,BUF,SFO,MIA,NWE,IND,CAR,NOR,NYJ,SEA,TAM,ARI,LAR,NOR
BAL,2025,BUF,CLE,DET,KAN,HOU,LAR,CHI,MIA,MIN,CLE,NYJ,CIN,PIT,CIN,NWE,GNB,PIT
BUF,2025,BAL,NYJ,MIA,NOR,NWE,ATL,CAR,KAN,MIA,TAM,HOU,PIT,CIN,NWE,CLE,PHI,NYJ
CAR,2025,JAX,ARI,ATL,NWE,MIA,DAL,NYJ,BUF,GNB,NOR,ATL,SFO,LAR,NOR,TAM,SEA,TAM
CHI,2025,MIN,DET,DAL,LVR,WAS,NOR,BAL,CIN,NYG,MIN,PIT,PHI,GNB,CLE,GNB,SFO,DET
CIN,2025,CLE,JAX,MIN,DEN,DET,GNB,PIT,NYJ,CHI,PIT,NWE,BAL,BUF,BAL,MIA,ARI,CLE
CLE,2025,CIN,BAL,GNB,DET,MIN,PIT,MIA,NWE,NYJ,BAL,LVR,SFO,TEN,CHI,BUF,PIT,CIN
DAL,2025,PHI,NYG,CHI,GNB,NYJ,CAR,WAS,DEN,ARI,LVR,PHI,KAN,DET,MIN,LAC,WAS,NYG
DEN,2025,TEN,IND,LAC,CIN,PHI,NYJ,NYG,DAL,HOU,LVR,KAN,WAS,LVR,GNB,JAX,KAN,LAC
DET,2025,GNB,CHI,BAL,CLE,CIN,KAN,TAM,MIN,WAS,PHI,NYG,GNB,DAL,LAR,PIT,MIN,CHI
GNB,2025,DET,WAS,CLE,DAL,CIN,ARI,PIT,CAR,PHI,NYG,MIN,DET,CHI,DEN,CHI,BAL,MIN
HOU,2025,LAR,TAM,JAX,TEN,BAL,SEA,SFO,DEN,JAX,TEN,BUF,IND,KAN,ARI,LVR,LAC,IND
IND,2025,MIA,DEN,TEN,LAR,LVR,ARI,LAC,TEN,PIT,ATL,KAN,HOU,JAX,SEA,SFO,JAX,HOU
JAX,2025,CAR,CIN,HOU,SFO,KAN,SEA,LAR,LVR,HOU,LAC,ARI,TEN,IND,NYJ,DEN,IND,TEN
KAN,2025,LAC,PHI,DET,BAL,JAX,DET,LVR,WAS,BUF,PHI,NYJ,DAL,HOU,BUF,LAC,TEN,DEN
LVR,2025,NWE,LAC,WAS,CHI,IND,TEN,KAN,JAX,DEN,DAL,CLE,LAC,DEN,PHI,HOU,NYG,KAN
LAC,2025,KAN,PHI,DEN,NYG,WAS,NYJ,MIA,MIN,CIN,PIT,ARI,SFO,WAS,PHI,KAN,HOU,LVR
LAR,2025,HOU,IND,PHI,IND,SFO,BAL,JAX,DET,NOR,SFO,SEA,TAM,DET,ARI,PHI,SEA,ARI
MIA,2025,IND,NWE,BUF,NYJ,CAR,LAC,CLE,ATL,BAL,BUF,WAS,NOR,NYJ,PIT,CIN,TAM,NWE
MIN,2025,CHI,ATL,CIN,PIT,CLE,PHI,LAC,DET,BAL,CHI,GNB,SEA,WAS,DAL,NYG,DET,GNB
NOR,2025,ARI,SFO,SEA,BUF,NYG,NWE,CHI,TAM,LAR,CAR,ATL,MIA,TAM,CAR,NYJ,TEN,ATL
NWE,2025,LVR,MIA,PIT,CAR,BUF,NOR,TEN,CLE,ATL,TAM,NYJ,CIN,NYG,BUF,BAL,NYJ,MIA
NYG,2025,WAS,DAL,KAN,LAC,NOR,PHI,DEN,PHI,SFO,CHI,GNB,DET,NWE,WAS,MIN,LVR,DAL
NYJ,2025,PIT,BUF,TAM,MIA,DAL,DEN,CAR,CIN,CLE,NWE,BAL,ATL,MIA,JAX,NOR,NWE,BUF
PHI,2025,DAL,KAN,LAR,TAM,DEN,NYG,MIN,NYG,GNB,DET,DAL,CHI,LAC,LVR,WAS,BUF,WAS
PIT,2025,NYJ,SEA,NWE,MIN,CLE,CIN,GNB,IND,LAC,CIN,CHI,BUF,BAL,MIA,DET,CLE,BAL
SEA,2025,SFO,PIT,NOR,ARI,TAM,JAX,HOU,WAS,ARI,LAR,TEN,MIN,ATL,IND,LAR,CAR,SFO
SFO,2025,SEA,NOR,ARI,JAX,LAR,TAM,ATL,HOU,NYG,LAR,ARI,CAR,CLE,TEN,IND,CHI,SEA
TAM,2025,ATL,HOU,NYJ,PHI,SEA,SFO,DET,NOR,NWE,BUF,LAR,ARI,NOR,ATL,CAR,MIA,CAR
TEN,2025,DEN,LAR,IND,HOU,ARI,LVR,NWE,IND,LAC,HOU,SEA,JAX,CLE,SFO,KAN,NOR,JAX
WAS,2025,NYG,GNB,LVR,ATL,LAC,CHI,DAL,KAN,SEA,DET,MIA,DEN,MIN,NYG,PHI,DAL,PHI
