,,,,,,,Misc,Misc,,Approx Val,Approx Val,,Passing,Passing,Passing,Passing,Passing,Rushing,Rushing,Rushing,Receiving,Receiving,Receiving,,,,,,-additional
Rnd,Pick,Tm,Player,Pos,Age,To,AP1,PB,St,wAV,DrAV,G,Cmp,Att,Yds,TD,Int,Att,Yds,TD,Rec,Yds,TD,Solo,Int,Sk,College/Univ,,-9999
1,1,CHI,Caleb Williams,QB,22,2025,0,0,1,12,12,20,410,655,4256,27,7,97,586,1,0,0,0,,,,USC,College Stats,WillCa03
1,2,WAS,Jayden Daniels,QB,23,2025,0,1,1,20,20,19,374,552,4001,28,9,166,976,6,0,0,0,,,,LSU,College Stats,DaniJa02
1,3,NWE,Drake Maye,QB,22,2025,0,1,1,8,8,16,302,444,3061,20,12,75,508,3,1,2,0,,,,North Carolina,College Stats,MayeDr00
1,4,ARI,Marvin Harrison Jr.,WR,22,2025,0,0,1,8,8,21,0,0,0,0,0,0,0,0,78,1093,10,,,,Ohio St.,College Stats,HarrMa09
1,5,LAC,Joe Alt,OL,21,2025,0,0,1,8,8,19,0,0,0,0,0,0,0,0,0,0,0,,,,Notre Dame,College Stats,AltxJo01
1,6,NYG,Malik Nabers,WR,21,2025,0,1,1,9,9,18,0,1,0,0,0,5,2,0,125,1455,9,,,,LSU,College Stats,NabeMa00
1,7,TEN,JC Latham,OL,21,2025,0,0,1,7,7,18,0,0,0,0,0,0,0,0,1,0,0,,,,Alabama,College Stats,LathJC00
1,8,ATL,Michael Penix,QB,24,2025,0,0,0,2,2,8,119,204,1380,4,5,16,40,2,0,0,0,,,,Washington,College Stats,PeniMi00
1,9,CHI,Rome Odunze,WR,22,2025,0,0,1,6,6,20,0,0,0,0,0,3,15,0,70,961,7,,,,Washington,College Stats,OdunRo00
1,10,MIN,J.J. McCarthy,QB,21,2025,0,0,0,0,0,2,24,41,301,2,3,7,50,1,0,0,0,,,,Michigan,College Stats,McCaJJ00
1,11,NYJ,Olumuyiwa Fashanu,OL,21,2025,0,0,0,4,4,18,0,0,0,0,0,0,0,0,0,0,0,,,,Penn St.,College Stats,FashOl00
1,12,DEN,Bo Nix,QB,24,2025,0,0,1,13,13,20,437,662,4310,34,15,111,501,4,1,2,1,,,,Oregon,College Stats,NixxBo00
1,13,LVR,Brock Bowers,TE,21,2025,1,1,1,9,9,20,0,0,0,0,0,5,13,0,126,1373,5,,,,Georgia,College Stats,BoweBr01
1,14,NOR,Taliese Fuaga,OL,22,2025,0,0,1,8,8,19,0,0,0,0,0,0,0,0,0,0,0,,,,Oregon St.,College Stats,FuagTa00
1,15,IND,Laiatu Latu,DL,23,2025,0,0,0,2,2,19,0,0,0,0,0,0,0,0,0,0,0,19,1,4.0,UCLA,College Stats,LatuLa00
1,16,SEA,Byron Murphy,DL,21,2025,0,0,0,5,5,18,0,0,0,0,0,0,0,0,0,0,0,18,,3.0,Texas,College Stats,MurpBy01
1,17,MIN,Dallas Turner,LB,21,2025,0,0,0,2,2,19,0,0,0,0,0,0,0,0,0,0,0,16,1,4.0,Alabama,College Stats,TurnDa01
1,18,CIN,Amarius Mims,OL,21,2025,0,0,1,8,8,18,0,0,0,0,0,0,0,0,0,0,0,,,,Georgia,College Stats,MimsAm00
1,19,LAR,Jared Verse,DL,23,2025,0,1,1,10,10,20,0,0,0,0,0,0,0,0,0,0,0,42,,5.5,Florida St.,College Stats,VersJa00
1,20,PIT,Troy Fautanu,OL,23,2025,0,0,0,0,0,4,0,0,0,0,0,0,0,0,0,0,0,,,,Washington,College Stats,FautTr00
1,21,MIA,Chop Robinson,DE,21,2025,0,0,0,2,2,20,0,0,0,0,0,0,0,0,0,0,0,19,,7.0,Penn St.,College Stats,RobiCh00
1,22,PHI,Quinyon Mitchell,CB,23,2025,0,0,1,6,6,19,0,0,0,0,0,0,0,0,0,0,0,47,,,Toledo,College Stats,MitcQu00
1,23,JAX,Brian Thomas,WR,21,2025,0,1,1,11,11,20,0,0,0,0,0,7,57,1,94,1397,10,,,,LSU,College Stats,ThomBr06
1,24,DET,Terrion Arnold,DB,21,2025,0,0,1,5,5,19,0,0,0,0,0,0,0,0,0,0,0,58,,,Alabama,College Stats,ArnoTe00
1,25,GNB,Jordan Morgan,OL,23,2025,0,0,0,1,1,9,0,0,0,0,0,0,0,0,0,0,0,,,,Arizona,College Stats,MorgJo03
1,26,TAM,Graham Barton,OL,22,2025,0,0,1,8,8,19,0,0,0,0,0,0,0,0,0,0,0,,,,Duke,College Stats,BartGr00
1,27,ARI,Darius Robinson,DL,22,2025,0,0,0,0,0,10,0,0,0,0,0,0,0,0,0,0,0,8,,2.0,Missouri,College Stats,RobiDa01
1,28,KAN,Xavier Worthy,WR,21,2025,0,0,1,7,7,18,0,0,0,0,0,21,104,3,59,638,6,,,,Texas,College Stats,WortXa00
1,29,DAL,Tyler Guyton,OL,23,2025,0,0,1,4,4,18,0,0,0,0,0,0,0,0,0,0,0,,,,Oklahoma,College Stats,GuytTy00
1,30,BAL,Nate Wiggins,CB,21,2025,0,0,0,2,2,18,0,0,0,0,0,0,0,0,0,0,0,33,2,,Clemson,College Stats,WiggNa00
1,31,SFO,Ricky Pearsall,WR,23,2025,0,0,0,3,3,14,0,1,0,0,0,4,41,0,47,681,3,,,,Florida,College Stats,PearRi00
1,32,CAR,Xavier Legette,WR,23,2025,0,0,1,5,5,18,0,0,0,0,0,7,24,0,53,505,4,,,,South Carolina,College Stats,LegeXa00
2,33,BUF,Keon Coleman,WR,21,2025,0,0,1,7,7,16,0,0,0,0,0,1,9,0,43,714,5,,,,Florida St.,College Stats,ColeKe02
2,34,LAC,Ladd McConkey,WR,22,2025,0,0,1,11,11,19,0,0,0,0,0,0,0,0,97,1312,7,,,,Georgia,College Stats,McCoLa00
2,35,ATL,Ruke Orhorhoro,DT,22,2025,0,0,0,1,1,11,0,0,0,0,0,0,0,0,0,0,0,4,,0.5,Clemson,College Stats,OrhoRu00
2,36,WAS,Jer'Zhan Newton,DL,22,2025,0,0,0,5,5,19,0,0,0,0,0,0,0,0,0,0,0,22,,2.0,Illinois,College Stats,NewtJe00
2,37,NWE,Ja'Lynn Polk,WR,22,2024,0,0,1,1,1,15,0,0,0,0,0,1,0,0,12,87,2,,,,Washington,College Stats,PolkJa00
2,38,TEN,T'Vondre Sweat,DL,23,2025,0,0,1,7,7,18,0,0,0,0,0,0,0,0,0,0,0,24,,1.0,Texas,College Stats,SweaTV01
2,39,LAR,Braden Fiske,DL,24,2025,0,0,0,5,5,20,0,0,0,0,0,0,0,0,0,0,0,22,,8.5,Florida St.,College Stats,FiskBr00
2,40,PHI,Cooper DeJean,DB,21,2025,0,0,0,5,5,19,0,0,0,0,0,0,0,0,0,0,0,52,,0.5,Iowa,College Stats,DeJeCo00
2,41,NOR,Kool-Aid McKinstry,DB,21,2025,0,0,0,3,3,18,0,0,0,0,0,0,0,0,0,0,0,39,,,Alabama,College Stats,McKiKo00
2,42,HOU,Kamari Lassiter,DB,21,2025,0,0,1,5,5,17,0,0,0,0,0,0,0,0,0,0,0,56,3,,Georgia,College Stats,LassKa00
2,43,ARI,Max Melton,DB,22,2025,0,0,0,2,2,21,0,0,0,0,0,0,0,0,0,0,0,46,,,Rutgers,College Stats,MeltMa00
2,44,LVR,Jackson Powers-Johnson,OL,21,2025,0,0,1,4,4,17,0,0,0,0,0,0,0,0,0,0,0,,,,Oregon,College Stats,PoweJa00
2,45,GNB,Edgerrin Cooper,LB,22,2025,0,0,0,4,4,17,0,0,0,0,0,0,0,0,0,0,0,74,1,4.0,Texas A&M,College Stats,CoopEd00
2,46,CAR,Jonathon Brooks,RB,21,2024,0,0,0,0,0,3,0,0,0,0,0,9,22,0,3,23,0,,,,Texas,College Stats,BrooJo02
2,47,NYG,Tyler Nubin,DB,23,2025,0,0,1,5,5,16,0,0,0,0,0,0,0,0,0,0,0,68,,,Minnesota,College Stats,NubiTy00
2,48,JAX,Maason Smith,DT,21,2025,0,0,0,2,2,13,0,0,0,0,0,0,0,0,0,0,0,10,,3.0,LSU,College Stats,SmitMa07
2,49,CIN,Kris Jenkins,DL,22,2025,0,0,0,4,4,18,0,0,0,0,0,0,0,0,0,0,0,16,,4.5,Michigan,College Stats,JenkKr01
2,50,WAS,Mike Sainristil,DB,23,2025,0,0,1,5,5,20,0,0,0,0,0,0,0,0,0,0,0,71,2,,Michigan,College Stats,SainMi00
2,51,PIT,Zach Frazier,OL,23,2025,0,0,1,6,6,18,0,0,0,0,0,0,0,0,0,-2,0,,,,West Virginia,College Stats,FrazZa00
2,52,IND,Adonai Mitchell,WR,21,2025,0,0,1,3,3,20,1,1,24,0,0,4,6,0,27,353,0,,,,Texas,College Stats,MitcAd00
2,53,WAS,Ben Sinnott,TE,22,2025,0,0,0,0,0,20,0,0,0,0,0,0,0,0,6,35,1,2,,,Kansas St.,College Stats,SinnBe00
2,54,CLE,Michael Hall,DT,21,2024,0,0,0,2,2,8,0,0,0,0,0,0,0,0,0,0,0,8,,1.0,Ohio St.,College Stats,HallMi00
2,55,MIA,Patrick Paul,OL,22,2025,0,0,0,2,2,20,0,0,0,0,0,0,0,0,0,0,0,,,,Houston,College Stats,PaulPa01
2,56,DAL,Marshawn Kneeland,DL,23,2025,0,0,0,1,1,14,0,0,0,0,0,0,0,0,0,0,0,13,,1.0,Western Michigan,College Stats,KneeMa00
2,57,TAM,Chris Braswell,LB,22,2025,0,0,0,1,1,20,0,0,0,0,0,0,0,0,0,0,0,13,,1.5,Alabama,College Stats,BrasCh01
2,58,GNB,Javon Bullard,DB,22,2025,0,0,1,4,4,18,0,0,0,0,0,0,0,0,0,0,0,74,,,Georgia,College Stats,BullJa00
2,59,HOU,Blake Fisher,OL,21,2025,0,0,0,3,3,17,0,0,0,0,0,0,0,0,0,0,0,,,,Notre Dame,College Stats,FishBl00
2,60,BUF,Cole Bishop,SAF,21,2025,0,0,0,2,2,19,0,0,0,0,0,0,0,0,0,0,0,37,,1.0,Utah,College Stats,BishCo00
2,61,DET,Ennis Rakestraw,DB,22,2024,0,0,0,0,0,8,0,0,0,0,0,0,0,0,0,0,0,4,,,Missouri,College Stats,RakeEn00
2,62,BAL,Roger Rosengarten,OL,22,2025,0,0,1,8,8,20,0,0,0,0,0,0,0,0,0,0,0,,,,Washington,College Stats,RoseRo01
2,63,KAN,Kingsley Suamataia,OL,21,2025,0,0,0,2,2,18,0,0,0,0,0,0,0,0,0,0,0,,,,BYU,College Stats,SuamKi00
2,64,SFO,Renardo Green,DB,23,2025,0,0,0,3,3,20,0,0,0,0,0,0,0,0,0,0,0,49,1,,Florida St.,College Stats,GreeRe00
3,65,NYJ,Malachi Corley,WR,22,2024,0,0,0,0,0,9,0,0,0,0,0,2,26,0,3,16,0,,,,Western Kentucky,College Stats,CorlMa00
3,66,ARI,Trey Benson,RB,22,2025,0,0,0,2,2,17,0,0,0,0,0,92,451,1,19,123,0,,,,Florida St.,College Stats,BensTr01
3,67,WAS,Brandon Coleman,OL,23,2025,0,0,1,8,8,18,0,0,0,0,0,0,0,0,0,0,0,,,,TCU,College Stats,ColeBr02
3,68,NWE,Caedan Wallace,OL,24,2024,0,0,0,1,1,6,0,0,0,0,0,0,0,0,0,0,0,,,,Penn St.,College Stats,WallCa00
3,69,LAC,Junior Colson,LB,21,2024,0,0,0,1,1,11,0,0,0,0,0,0,0,0,0,0,0,15,,,Michigan,College Stats,ColsJu00
3,70,NYG,Andru Phillips,DB,22,2025,0,0,0,3,3,17,0,0,0,0,0,0,0,0,0,0,0,61,2,1.0,Kentucky,College Stats,PhilAn02
3,71,ARI,Isaiah Adams,OL,24,2025,0,0,0,3,3,19,0,0,0,0,0,0,0,0,0,0,0,,,,Illinois,College Stats,AdamIs01
3,72,CAR,Trevin Wallace,LB,21,2025,0,0,1,3,3,16,0,0,0,0,0,0,0,0,0,0,0,45,,1.0,Kentucky,College Stats,WallTr00
3,73,DAL,Cooper Beebe,OL,23,2025,0,0,1,5,5,18,0,0,0,0,0,0,0,0,0,0,0,,,,Kansas St.,College Stats,BeebCo00
3,74,ATL,Bralen Trice,DE,23,,0,0,0,,,,,,,,,,,,,,,,,,Washington,College Stats,TricBr00
3,75,CHI,Kiran Amegadjie,OL,22,2024,0,0,0,1,1,6,0,0,0,0,0,0,0,0,0,0,0,,,,Yale,,AmegKi00
3,76,DEN,Jonah Elliss,DE,21,2025,0,0,0,2,2,20,0,0,0,0,0,0,0,0,0,0,0,31,,6.0,Utah,College Stats,ElliJo03
3,77,LVR,Delmar Glaze,OL,22,2025,0,0,1,5,5,20,0,0,0,0,0,0,0,0,0,0,0,,,,Maryland,College Stats,GlazDe00
3,78,HOU,Calen Bullock,SAF,21,2025,0,0,1,5,5,20,0,0,0,0,0,0,0,0,0,0,0,45,5,,USC,College Stats,BullCa00
3,79,IND,Matt Goncalves,OL,23,2025,0,0,0,4,4,20,0,0,0,0,0,0,0,0,0,0,0,,,,Pittsburgh,College Stats,GoncMa00
3,80,CIN,Jermaine Burton,WR,23,2024,0,0,0,1,1,14,0,0,0,0,0,0,0,0,4,107,0,,,,Alabama,College Stats,BurtJe01
3,81,SEA,Christian Haynes,OL,24,2024,0,0,0,1,1,16,0,0,0,0,0,0,0,0,0,0,0,,,,Connecticut,College Stats,HaynCh00
3,82,ARI,Tip Reiman,TE,22,2025,0,0,1,0,0,20,0,0,0,0,0,0,0,0,9,55,0,,,,Illinois,College Stats,ReimTi00
3,83,LAR,Blake Corum,RB,23,2025,0,0,0,2,2,20,0,0,0,0,0,72,306,1,8,72,0,1,,,Michigan,College Stats,CoruBl00
3,84,PIT,Roman Wilson,WR,23,2025,0,0,0,0,0,4,0,0,0,0,0,0,0,0,1,7,0,,,,Michigan,College Stats,WilsRo02
3,85,CLE,Zak Zinter,OL,23,2024,0,0,0,1,1,17,0,0,0,0,0,0,0,0,0,0,0,,,,Michigan,College Stats,ZintZa00
3,86,SFO,Dominick Puni,OL,24,2025,0,0,1,7,7,20,0,0,0,0,0,0,0,0,0,-3,0,,,,Kansas,College Stats,PuniDo00
3,87,DAL,Marist Liufau,LB,23,2025,0,0,0,4,4,20,0,0,0,0,0,0,0,0,0,0,0,33,,1.5,Notre Dame,College Stats,LiufMa00
3,88,GNB,MarShawn Lloyd,RB,23,2024,0,0,0,0,0,1,0,0,0,0,0,6,15,0,1,3,0,,,,USC,College Stats,LloyMa00
3,89,TAM,Tykee Smith,DB,23,2025,0,0,0,3,3,16,0,0,0,0,0,0,0,0,0,0,0,53,2,1.0,Georgia,College Stats,SmitTy05
3,90,ARI,Elijah Jones,DB,24,2025,0,0,0,0,0,2,0,0,0,0,0,0,0,0,0,0,0,,,,Boston Col.,College Stats,JoneEl00
3,91,GNB,Ty'Ron Hopper,LB,23,2025,0,0,0,1,1,20,0,0,0,0,0,0,0,0,0,0,0,7,,,Missouri,College Stats,HoppTy00
3,92,TAM,Jalen McMillan,WR,22,2024,0,0,0,5,5,13,0,0,0,0,0,4,43,0,37,461,8,,,,Washington,College Stats,McMiJa01
3,93,BAL,Adisa Isaac,DE,22,2024,0,0,0,0,0,4,0,0,0,0,0,0,0,0,0,0,0,2,,,Penn St.,College Stats,IsaaAd00
3,94,PHI,Jalyx Hunt,DE,23,2025,0,0,0,2,2,19,0,0,0,0,0,0,0,0,0,0,0,13,,1.5,Houston Christian,,HuntJa02
3,95,BUF,DeWayne Carter,DT,23,2024,0,0,0,2,2,11,0,0,0,0,0,0,0,0,0,0,0,11,,,Duke,College Stats,CartDe03
3,96,JAX,Jarrian Jones,DB,23,2025,0,0,0,2,2,20,0,0,0,0,0,0,0,0,0,0,0,36,1,2.0,Florida St.,College Stats,JoneJa14
3,97,CIN,McKinnley Jackson,DL,22,2024,0,0,0,1,1,13,0,0,0,0,0,0,0,0,0,0,0,6,,1.0,Texas A&M,College Stats,JackMc00
3,98,PIT,Payton Wilson,LB,24,2025,0,0,0,4,4,20,0,0,0,0,0,0,0,0,0,0,0,65,1,1.0,North Carolina St.,College Stats,WilsPa00
3,99,LAR,Kamren Kinchens,SAF,21,2025,0,0,0,3,3,20,0,0,0,0,0,0,0,0,0,0,0,49,4,,Miami (FL),College Stats,KincKa00
3,100,WAS,Luke McCaffrey,WR,23,2025,0,0,0,2,2,20,0,0,0,0,0,0,0,0,22,243,1,1,,,Rice,College Stats,McCaLu00
4,101,CAR,Ja'Tavion Sanders,TE,21,2025,0,0,0,3,3,19,0,0,0,0,0,0,0,0,44,434,1,,,,Texas,College Stats,SandJa01
4,102,DEN,Troy Franklin,WR,21,2025,0,0,0,2,2,19,0,0,0,0,0,3,19,0,42,404,3,,,,Oregon,College Stats,FranTr00
4,103,NWE,Layden Robinson,OL,23,2024,0,0,1,4,4,13,0,0,0,0,0,0,0,0,0,0,0,,,,Texas A&M,College Stats,RobiLa02
4,104,ARI,Dadrion Taylor-Demerson,DB,23,2025,0,0,0,1,1,21,0,0,0,0,0,0,0,0,0,0,0,36,1,,Texas Tech,College Stats,TaylDa02
4,105,LAC,Justin Eboigbe,DL,23,2025,0,0,0,0,0,8,0,0,0,0,0,0,0,0,0,0,0,2,,,Alabama,College Stats,EboiJu00
4,106,TEN,Cedric Gray,LB,21,2025,0,0,0,0,0,10,0,0,0,0,0,0,0,0,0,0,0,24,,,North Carolina,College Stats,GrayCe00
4,107,NYG,Theo Johnson,TE,23,2025,0,0,1,2,2,15,0,0,0,0,0,0,0,0,35,380,1,,,,Penn St.,College Stats,JohnTh00
4,108,MIN,Khyree Jackson,DB,25,,0,0,0,,,,,,,,,,,,,,,,,,Oregon,College Stats,JackKh00
4,109,ATL,Brandon Dorlus,DE,23,2025,0,0,0,0,0,5,0,0,0,0,0,0,0,0,0,0,0,3,,1.5,Oregon,College Stats,DorlBr00
4,110,NWE,Javon Baker,WR,22,2024,0,0,0,0,0,11,0,0,0,0,0,0,0,0,1,12,0,,,,Central Florida,College Stats,BakeJa00
4,111,GNB,Evan Williams,DB,23,2025,0,0,0,3,3,16,0,0,0,0,0,0,0,0,0,0,0,38,2,,Oregon,College Stats,WillEv00
4,112,LVR,Decamerion Richardson,CB,23,2025,0,0,0,3,3,14,0,0,0,0,0,0,0,0,0,0,0,29,,,Mississippi St.,College Stats,RichDe01
4,113,BAL,Devontez Walker,WR,23,2025,0,0,0,0,0,12,0,0,0,0,0,0,0,0,4,81,3,2,,,North Carolina,College Stats,WalkDe01
4,114,JAX,Javon Foster,OL,24,2024,0,0,0,0,0,4,0,0,0,0,0,0,0,0,0,0,0,,,,Missouri,College Stats,FostJa01
4,115,CIN,Erick All,TE,23,2024,0,0,1,1,1,9,0,0,0,0,0,0,0,0,20,158,0,,,,Iowa,College Stats,AllxEr00
4,116,JAX,Jordan Jefferson,DT,22,2024,0,0,0,1,1,8,0,0,0,0,0,0,0,0,0,0,0,5,,1.0,LSU,College Stats,JeffJo01
4,117,IND,Tanor Bortolini,OL,22,2025,0,0,0,2,2,15,0,0,0,0,0,0,0,0,0,0,0,,,,Wisconsin,College Stats,BortTa00
4,118,SEA,Tyrice Knight,LB,23,2025,0,0,0,6,6,20,0,0,0,0,0,0,0,0,0,0,0,57,,1.5,Texas-El Paso,College Stats,KnigTy00
4,119,PIT,Mason McCormick,OL,24,2025,0,0,1,6,6,20,0,0,0,0,0,0,0,0,0,0,0,,,,South Dakota St.,,McCoMa00
4,120,MIA,Jaylen Wright,RB,21,2024,0,0,0,2,2,15,0,0,0,0,0,68,249,0,3,8,0,,,,Tennessee,College Stats,WrigJa04
4,121,SEA,AJ Barner,TE,22,2025,0,0,0,2,2,21,0,0,0,0,0,2,4,0,37,326,6,3,,,Michigan,College Stats,BarnAJ00
4,122,CHI,Tory Taylor,P,27,2025,0,0,0,4,4,20,0,0,0,0,0,0,0,0,0,0,0,,,,Iowa,College Stats,TaylTo01
4,123,HOU,Cade Stover,TE,24,2025,0,0,1,1,1,16,0,0,0,0,0,0,0,0,19,155,1,5,,,Ohio St.,College Stats,StovCa00
4,124,SFO,Malik Mustapha,DB,22,2024,0,0,1,4,4,16,0,0,0,0,0,0,0,0,0,0,0,32,1,,Wake Forest,College Stats,MustMa00
4,125,TAM,Bucky Irving,RB,22,2025,0,0,0,12,12,20,0,0,0,0,0,263,1296,8,61,483,1,,,,Oregon,College Stats,IrviBu00
4,126,DET,Giovanni Manu,OL,23,2025,0,0,0,0,0,2,0,0,0,0,0,0,0,0,0,0,0,,,,British Columbia,,ManuGi00
4,127,PHI,Will Shipley,RB,22,2025,0,0,0,1,1,17,0,0,0,0,0,33,108,0,4,35,0,5,,,Clemson,College Stats,ShipWi00
4,128,BUF,Ray Davis,RB,24,2025,0,0,0,6,6,20,0,0,0,0,0,123,468,3,18,188,3,,,,Kentucky,College Stats,DaviRa04
4,129,SFO,Isaac Guerendo,RB,24,2025,0,0,0,4,4,19,0,0,0,0,0,84,420,4,15,152,0,,,,Louisville,College Stats,GuerIs00
4,130,BAL,T.J. Tampa,DB,22,2025,0,0,0,0,0,10,0,0,0,0,0,0,0,0,0,0,0,7,,,Iowa St.,College Stats,TampTJ00
4,131,KAN,Jared Wiley,TE,23,2024,0,0,0,0,0,7,0,0,0,0,0,0,0,0,1,7,0,,,,TCU,College Stats,WileJa00
4,132,DET,Sione Vaki,SAF,23,2025,0,0,0,1,1,17,0,0,0,0,0,6,14,0,3,37,0,9,,,Utah,College Stats,VakiSi00
4,133,KAN,Jaden Hicks,DB,22,2025,0,0,0,2,2,20,0,0,0,0,0,1,1,0,0,0,0,28,3,,Washington St.,College Stats,HickJa01
4,134,NYJ,Braelon Allen,RB,20,2025,0,0,0,3,3,20,0,0,0,0,0,106,384,3,21,165,1,1,,,Wisconsin,College Stats,AlleBr05
4,135,SFO,Jacob Cowing,WR,23,2024,0,0,0,1,1,15,0,0,0,0,0,1,7,0,4,80,0,,,,Arizona,College Stats,CowiJa00
5,136,SEA,Nehemiah Pritchett,CB,23,2025,0,0,0,1,1,14,0,0,0,0,0,0,0,0,0,0,0,10,,,Auburn,College Stats,PritNe00
5,137,LAC,Tarheeb Still,DB,22,2025,0,0,0,6,6,17,0,0,0,0,0,0,0,0,0,0,0,58,4,0.5,Maryland,College Stats,StilTa00
5,138,ARI,Xavier Thomas,DE,24,2024,0,0,0,1,1,14,0,0,0,0,0,0,0,0,0,0,0,6,,2.5,Clemson,College Stats,ThomXa01
5,139,WAS,Jordan Magee,LB,23,2025,0,0,0,1,1,11,0,0,0,0,0,0,0,0,0,0,0,10,,,Temple,College Stats,MageJo00
5,140,LAC,Cam Hart,CB,23,2025,0,0,1,3,3,16,0,0,0,0,0,0,0,0,0,0,0,34,,0.5,Notre Dame,College Stats,HartCa00
5,141,BUF,Sedrick Van Pran-Granger,OL,22,2025,0,0,0,2,2,17,0,0,0,0,0,0,0,0,0,0,0,,,,Georgia,College Stats,VanPSe00
5,142,IND,Anthony Gould,WR,23,2025,0,0,0,0,0,11,0,0,0,0,0,0,0,0,1,23,0,,,,Oregon St.,College Stats,GoulAn00
5,143,ATL,JD Bertrand,LB,24,2025,0,0,0,1,1,15,0,0,0,0,0,0,0,0,0,0,0,16,,1.0,Notre Dame,College Stats,BertJD00
5,144,CHI,Austin Booker,DL,21,2024,0,0,0,1,1,17,0,0,0,0,0,0,0,0,0,0,0,14,,1.5,Kansas,College Stats,BookAu00
5,145,DEN,Kris Abrams-Draine,DB,22,2025,0,0,0,1,1,8,0,0,0,0,0,0,0,0,0,0,0,7,1,,Missouri,College Stats,AbraKr00
5,146,TEN,Jarvis Brownlee,DB,23,2025,0,0,1,5,5,19,0,0,0,0,0,0,0,0,0,0,0,57,1,,Louisville,College Stats,BrowJa09
5,147,DEN,Audric Estime,RB,21,2024,0,0,0,2,2,13,0,0,0,0,0,76,310,2,5,27,0,,,,Notre Dame,College Stats,EstiAu00
5,148,LVR,Tommy Eichenberg,LB,23,2025,0,0,0,1,1,17,0,0,0,0,0,0,0,0,0,0,0,10,,,Ohio St.,College Stats,EichTo00
5,149,CIN,Josh Newton,CB,23,2025,0,0,0,2,2,20,0,0,0,0,0,0,0,0,0,0,0,31,1,,TCU,College Stats,NewtJo00
5,150,NOR,Spencer Rattler,QB,23,2025,0,0,0,2,2,10,210,347,1956,8,6,28,199,0,0,0,0,,,,South Carolina,College Stats,RattSp00
5,151,IND,Jaylon Carlies,DB,22,2024,0,0,0,3,3,10,0,0,0,0,0,0,0,0,0,0,0,24,,1.0,Missouri,College Stats,CarlJa01
5,152,PHI,Ainias Smith,WR,23,2024,0,0,0,1,1,7,0,0,0,0,0,2,6,0,7,41,1,,,,Texas A&M,College Stats,SmitAi00
5,153,JAX,Deantre Prince,CB,23,2024,0,0,0,1,1,10,0,0,0,0,0,0,0,0,0,0,0,6,,,Mississippi,College Stats,PrinDe01
5,154,LAR,Brennan Jackson,DE,23,2025,0,0,0,1,1,9,0,0,0,0,0,0,0,0,0,0,0,4,,,Washington St.,College Stats,JackBr02
5,155,PHI,Jeremiah Trotter Jr.,LB,21,2025,0,0,0,2,2,20,0,0,0,0,0,0,0,0,0,0,0,13,,0.5,Clemson,College Stats,TrotJe01
5,156,CLE,Jamari Thrash,WR,23,2025,0,0,0,0,0,12,0,0,0,0,0,0,0,0,7,40,0,,,,Louisville,College Stats,ThraJa01
5,157,CAR,Chau Smith-Wade,DB,21,2025,0,0,0,2,2,17,0,0,0,0,0,0,0,0,0,0,0,31,2,,Washington St.,College Stats,SmitCh05
5,158,MIA,Mohamed Kamara,DL,25,2024,0,0,0,0,0,5,0,0,0,0,0,0,0,0,0,0,0,,,,Colorado St.,College Stats,KamaMo00
5,159,KAN,Hunter Nourzad,OL,23,2024,0,0,0,1,1,17,0,0,0,0,0,0,0,0,0,0,0,,,,Penn St.,College Stats,NourHu00
5,160,BUF,Edefuan Ulofoshio,LB,24,2024,0,0,0,1,1,4,0,0,0,0,0,0,0,0,0,0,0,5,,,Washington,College Stats,UlofEd00
5,161,WAS,Dominique Hampton,CB,24,2024,0,0,0,0,0,1,0,0,0,0,0,0,0,0,0,0,0,,,,Washington,College Stats,HampDo00
5,162,ARI,Christian Jones,OL,24,2024,0,0,0,1,1,2,0,0,0,0,0,0,0,0,0,0,0,,,,Texas,College Stats,JoneCh12
5,163,GNB,Jacob Monk,OL,23,2024,0,0,0,1,1,10,0,0,0,0,0,0,0,0,0,0,0,,,,Duke,College Stats,MonkJa00
5,164,IND,Jaylin Simpson,SAF,24,,0,0,0,,,,,,,,,,,,,,,,,,Auburn,College Stats,SimpJa00
5,165,BAL,Rasheen Ali,RB,23,2025,0,0,0,0,0,9,0,0,0,0,0,11,36,0,0,0,0,2,,,Marshall,College Stats,AlixRa00
5,166,NYG,Tyrone Tracy Jr.,RB,24,2025,0,0,1,6,6,20,0,0,0,0,0,214,907,5,46,338,1,,,,Purdue,College Stats,TracTy00
5,167,JAX,Keilan Robinson,RB,24,2024,0,0,0,0,0,6,0,0,0,0,0,0,0,0,0,0,0,,,,Texas,College Stats,RobiKe03
5,168,BUF,Javon Solomon,DE,23,2025,0,0,0,2,2,17,0,0,0,0,0,0,0,0,0,0,0,9,,2.0,Troy,College Stats,SoloJa00
5,169,GNB,Kitan Oladapo,DB,23,2025,0,0,0,1,1,12,0,0,0,0,0,0,0,0,0,0,0,3,,,Oregon St.,College Stats,OladKi00
5,170,NOR,Bub Means,WR,23,2024,0,0,0,1,1,7,0,0,0,0,0,0,0,0,9,118,1,,,,Pittsburgh,College Stats,MeanBu00
5,171,NYJ,Jordan Travis,QB,24,,0,0,0,,,,,,,,,,,,,,,,,,Florida St.,College Stats,TravJo00
5,172,PHI,Trevor Keegan,OL,24,2024,0,0,0,0,0,1,0,0,0,0,0,0,0,0,0,0,0,,,,Michigan,College Stats,KeegTr00
5,173,NYJ,Isaiah Davis,RB,22,2025,0,0,0,2,2,20,0,0,0,0,0,32,192,1,10,81,1,7,,,South Dakota St.,,DaviIs00
5,174,DAL,Caelen Carson,DB,22,2024,0,0,0,1,1,6,0,0,0,0,0,0,0,0,0,0,0,24,,,Wake Forest,College Stats,CarsCa01
5,175,NOR,Jaylan Ford,LB,22,2025,0,0,0,1,1,11,0,0,0,0,0,0,0,0,0,0,0,2,,,Texas,College Stats,FordJa02
5,176,NYJ,Qwan'tez Stiggers,CB,22,2025,0,0,0,1,1,17,0,0,0,0,0,0,0,0,0,0,0,9,,,,,StigQw00
6,177,MIN,Walter Rouse,OL,23,2025,0,0,0,0,0,4,0,0,0,0,0,0,0,0,0,0,0,,,,Oklahoma,College Stats,RousWa00
6,178,PIT,Logan Lee,DL,24,2025,0,0,0,0,0,3,0,0,0,0,0,0,0,0,0,0,0,,,,Iowa,College Stats,LeexLo00
6,179,SEA,Sataoa Laumea,OL,23,2024,0,0,0,2,2,6,0,0,0,0,0,0,0,0,0,0,0,,,,Utah,College Stats,LaumSa00
6,180,NWE,Marcellas Dial,DB,23,2024,0,0,0,1,1,17,0,0,0,0,0,0,0,0,0,0,0,6,,,South Carolina,College Stats,DialMa00
6,181,LAC,Kimani Vidal,RB,23,2024,0,0,0,2,2,10,0,0,0,0,0,43,155,0,5,62,1,,,,Troy,College Stats,VidaKi00
6,182,TEN,Jha'Quan Jackson,WR,24,2024,0,0,0,0,0,12,0,0,0,0,0,1,-5,0,1,8,0,,,,Tulane,College Stats,JackJh00
6,183,NYG,Darius Muasau,LB,23,2025,0,0,0,4,4,17,0,0,0,0,0,0,0,0,0,0,0,28,1,,UCLA,College Stats,MuasDa00
6,184,MIA,Malik Washington,WR,23,2025,0,0,0,2,2,17,0,0,0,0,0,11,77,1,32,257,0,,,,Virginia,College Stats,WashMa00
6,185,PHI,Johnny Wilson,WR,23,2024,0,0,0,0,0,16,0,0,0,0,0,0,0,0,5,38,1,,,,Florida St.,College Stats,WilsJo03
6,186,ATL,Jase McClellan,RB,22,2024,0,0,0,0,0,2,0,0,0,0,0,13,32,0,0,0,0,,,,Alabama,College Stats,McClJa05
6,187,ATL,Casey Washington,WR,23,2025,0,0,0,0,0,9,0,0,0,0,0,0,0,0,4,47,0,,,,Illinois,College Stats,WashCa01
6,188,HOU,Jamal Hill,LB,23,2025,0,0,0,1,1,11,0,0,0,0,0,0,0,0,0,0,0,2,,,Oregon,College Stats,HillJa02
6,189,DET,Mekhi Wingo,DT,21,2025,0,0,0,1,1,12,0,0,0,0,0,0,0,0,0,0,0,2,,,LSU,College Stats,WingMe00
6,190,PHI,Dylan McMahon,OL,23,2024,0,0,0,0,,1,0,0,0,0,0,0,0,0,0,0,0,,,,North Carolina St.,College Stats,McMaDy00
6,191,ARI,Tejhaun Palmer,WR,24,,0,0,0,,,,,,,,,,,,,,,,,,Ala-Birmingham,College Stats,PalmTe00
6,192,SEA,D.J. James,CB,23,2025,0,0,0,0,,1,0,0,0,0,0,0,0,0,0,0,0,1,,,Auburn,College Stats,JameDJ00
6,193,NWE,Joe Milton,QB,24,2025,0,0,0,1,1,2,25,34,282,1,1,10,16,1,0,0,0,,,,Tennessee,College Stats,MiltJo00
6,194,CIN,Tanner McLachlan,TE,25,2024,0,0,0,0,0,2,0,0,0,0,0,0,0,0,0,0,0,,,,Arizona,College Stats,McLaTa00
6,195,PIT,Ryan Watts,SAF,22,,0,0,0,,,,,,,,,,,,,,,,,,Texas,College Stats,WattRy00
6,196,LAR,Tyler Davis,DT,23,2025,0,0,0,1,1,19,0,0,0,0,0,0,0,0,0,0,0,15,,1.5,Clemson,College Stats,DaviTy05
6,197,ATL,Zion Logue,DL,23,2025,0,0,0,0,,4,0,0,0,0,0,0,0,0,0,0,0,2,,0.5,Georgia,College Stats,LoguZi00
6,198,MIA,Patrick McMorris,DB,22,2024,0,0,0,0,0,6,0,0,0,0,0,0,0,0,0,0,0,1,,,California,College Stats,McMoPa00
6,199,NOR,Khristian Boyd,DL,24,2024,0,0,0,0,0,6,0,0,0,0,0,0,0,0,0,0,0,2,,,Northern Iowa,,BoydKh00
6,200,CAR,Jaden Crumedy,DT,24,2025,0,0,0,0,0,8,0,0,0,0,0,0,0,0,0,0,0,4,,0.5,Mississippi St.,College Stats,CrumJa00
6,201,IND,Micah Abraham,CB,23,,0,0,0,,,,,,,,,,,,,,,,,,Marshall,College Stats,AbraMi00
6,202,GNB,Travis Glover,OT,24,2024,0,0,0,1,1,7,0,0,0,0,0,0,0,0,0,0,0,,,,Georgia St.,College Stats,GlovTr00
6,203,MIN,Will Reichard,K,23,2025,0,0,0,2,2,16,0,0,0,0,0,0,0,0,0,0,0,,,,Alabama,College Stats,ReicWi00
6,204,BUF,Tylan Grable,OL,24,2024,0,0,0,1,1,4,0,0,0,0,0,0,0,0,0,0,0,,,,Central Florida,College Stats,GrabTy00
6,205,HOU,Jawhar Jordan,RB,25,,0,0,0,,,,,,,,,,,,,,,,,,Louisville,College Stats,JordJa00
6,206,CLE,Nathaniel Watson,LB,24,2024,0,0,0,1,1,14,0,0,0,0,0,0,0,0,0,0,0,10,,,Mississippi St.,College Stats,WatsNa00
6,207,SEA,Michael Jerrell,OT,25,2024,0,0,0,2,2,10,0,0,0,0,0,0,0,0,0,0,0,,,,Findlay,,JerrMi00
6,208,LVR,Dylan Laube,RB,24,2025,0,0,0,0,0,13,0,0,0,0,0,4,2,0,2,17,0,2,,,New Hampshire,,LaubDy00
6,209,LAR,Joshua Karty,K,22,2025,0,0,0,2,2,20,0,1,0,0,0,0,0,0,0,0,0,,,,Stanford,College Stats,KartJo00
6,210,DET,Christian Mahogany,OL,23,2025,0,0,0,1,1,10,0,0,0,0,0,0,0,0,0,0,0,,,,Boston Col.,College Stats,MahoCh00
6,211,KAN,Kamal Hadden,DB,23,2025,0,0,0,0,,4,0,0,0,0,0,0,0,0,0,0,0,,,,Tennessee,College Stats,HaddKa00
6,212,JAX,Cam Little,K,21,2025,0,0,0,5,5,20,0,0,0,0,0,0,0,0,0,0,0,,,,Arkansas,College Stats,LittCa00
6,213,LAR,Jordan Whittington,WR,23,2025,0,0,0,3,3,18,0,0,0,0,0,5,24,0,26,342,0,4,,,Texas,College Stats,WhitJo04
6,214,CIN,Cedric Johnson,DE,22,2024,0,0,0,1,1,9,0,0,0,0,0,0,0,0,0,0,0,5,,1.0,Mississippi,College Stats,JohnCe01
6,215,SFO,Jarrett Kingston,OL,24,2024,0,0,0,0,,7,0,0,0,0,0,0,0,0,0,0,0,,,,USC,College Stats,KingJa02
6,216,DAL,Ryan Flournoy,WR,24,2025,0,0,0,1,1,14,0,0,0,0,0,0,0,0,12,123,0,4,,,SE Missouri St.,,FlouRy00
6,217,LAR,Beaux Limmer,OL,23,2025,0,0,1,7,7,19,0,0,0,0,0,0,0,0,0,0,0,,,,Arkansas,College Stats,LimmBe00
6,218,BAL,Devin Leary,QB,24,,0,0,0,,,,,,,,,,,,,,,,,,Kentucky,College Stats,LearDe00
6,219,BUF,Daequan Hardy,CB,23,,0,0,0,,,,,,,,,,,,,,,,,,Penn St.,College Stats,HardDa02
6,220,TAM,Elijah Klein,OG,24,2025,0,0,0,1,1,19,0,0,0,0,0,0,0,0,0,0,0,,,,Texas-El Paso,College Stats,KleiEl00
7,221,BUF,Travis Clayton,OT,23,,0,0,0,,,,,,,,,,,,,,,,,,,,ClayTr00
7,222,WAS,Javontae Jean-Baptiste,DL,24,2025,0,0,0,1,1,14,0,0,0,0,0,0,0,0,0,0,0,8,,2.0,Notre Dame,College Stats,JeanJa00
7,223,LVR,Trey Taylor,FS,23,2024,0,0,0,1,1,9,0,0,0,0,0,0,0,0,0,0,0,,,,Air Force,College Stats,TaylTr03
7,224,CIN,Daijahn Anthony,SAF,23,2024,0,0,0,1,1,13,0,0,0,0,0,0,0,0,0,0,0,2,,,Mississippi,College Stats,AnthDa00
7,225,LAC,Brenden Rice,WR,22,2024,0,0,0,0,0,3,0,0,0,0,0,0,0,0,0,0,0,,,,USC,College Stats,RiceBr00
7,226,ARI,Jaden Davis,DB,23,,0,0,0,,,,,,,,,,,,,,,,,,Miami (FL),College Stats,DaviJa09
7,227,CLE,Myles Harden,DB,22,2025,0,0,0,0,0,7,0,0,0,0,0,0,0,0,0,0,0,8,,,South Dakota,,HardMy00
7,228,BAL,Nick Samac,C,23,,0,0,0,,,,,,,,,,,,,,,,,,Michigan St.,College Stats,SamaNi00
7,229,LVR,M.J. Devonshire,DB,23,,0,0,0,,,,,,,,,,,,,,,,,,Pittsburgh,College Stats,DevoMJ00
7,230,MIN,Michael Jurgens,OL,24,2025,0,0,0,0,0,5,0,0,0,0,0,0,0,0,0,0,0,,,,Wake Forest,College Stats,JurgMi02
7,231,NWE,Jaheim Bell,TE,23,2024,0,0,0,0,0,15,0,0,0,0,0,0,0,0,2,20,0,1,,,Florida St.,College Stats,BellJa00
7,232,MIN,Levi Drake Rodriguez,DT,24,2025,0,0,0,0,0,5,0,0,0,0,0,0,0,0,0,0,0,5,,,Texas A&M-Commerce,,RodrLe00
7,233,DAL,Nathan Thomas,OL,23,2025,0,0,0,0,0,3,0,0,0,0,0,0,0,0,0,0,0,,,,Louisiana,College Stats,ThomNa01
7,234,IND,Jonah Laulu,DL,24,2025,0,0,0,4,,20,0,0,0,0,0,0,0,0,0,0,0,20,,4.0,Oklahoma,College Stats,LaulJo00
7,235,DEN,Devaughn Vele,WR,26,2025,0,0,0,4,4,15,0,0,0,0,0,0,0,0,43,491,4,,,,Utah,College Stats,VeleDe00
7,236,JAX,Myles Cole,OLB,24,2024,0,0,0,0,0,8,0,0,0,0,0,0,0,0,0,0,0,4,,,Texas Tech,College Stats,ColeMy00
7,237,CIN,Matt Lee,C,23,2025,0,0,0,2,2,19,0,0,0,0,0,0,0,0,0,0,0,,,,Miami (FL),College Stats,LeexMa02
7,238,HOU,Solomon Byrd,DE,24,2024,0,0,0,0,0,1,0,0,0,0,0,0,0,0,0,0,0,2,,,USC,College Stats,ByrdSo00
7,239,NOR,Josiah Ezirim,OT,23,,0,0,0,,,,,,,,,,,,,,,,,,Eastern Kentucky,,EzirJo00
7,240,CAR,Michael Barrett,LB,24,,0,0,0,,,,,,,,,,,,,,,,,,Michigan,College Stats,BarrMi00
7,241,MIA,Tahj Washington,WR,23,,0,0,0,,,,,,,,,,,,,,,,,,USC,College Stats,WashTa00
7,242,TEN,James Williams,SAF,21,2025,0,0,0,2,2,15,0,0,0,0,0,0,0,0,0,0,0,17,,,Miami (FL),College Stats,WillJa15
7,243,CLE,Jowon Briggs,DE,23,2025,0,0,0,1,1,9,0,0,0,0,0,0,0,0,0,0,0,7,,1.0,Cincinnati,College Stats,BrigJo00
7,244,DAL,Justin Rogers,DL,22,,0,0,0,,,,,,,,,,,,,,,,,,Auburn,College Stats,RogeJu01
7,245,GNB,Michael Pratt,QB,22,,0,0,0,,,,,,,,,,,,,,,,,,Tulane,College Stats,PratMi00
7,246,TAM,Devin Culp,TE,24,2024,0,0,0,1,1,5,0,0,0,0,0,0,0,0,5,88,0,,,,Washington,College Stats,CulpDe00
7,247,HOU,Marcus Harris,DL,23,,0,0,0,,,,,,,,,,,,,,,,,,Auburn,College Stats,HarrMa08
7,248,KAN,C.J. Hanson,OG,23,2024,0,0,0,0,0,1,0,0,0,0,0,0,0,0,0,0,0,,,,Holy Cross,,HansCJ00
7,249,HOU,LaDarius Henderson,OL,22,,0,0,0,,,,,,,,,,,,,,,,,,Michigan,College Stats,HendLa00
7,250,BAL,Sanoussi Kane,SAF,22,2025,0,0,0,1,1,18,0,0,0,0,0,0,0,0,0,0,0,5,,,Purdue,College Stats,KaneSa00
7,251,SFO,Tatum Bethune,LB,23,2025,0,0,0,1,1,14,0,0,0,0,0,0,0,0,0,0,0,4,,,Florida St.,College Stats,BethTa00
7,252,TEN,Jaylen Harrell,DE,22,2025,0,0,0,1,1,20,0,0,0,0,0,0,0,0,0,0,0,10,,,Michigan,College Stats,HarrJa05
7,253,LAC,Cornelius Johnson,WR,23,,0,0,0,,,,,,,,,,,,,,,,,,Michigan,College Stats,JohnCo02
7,254,LAR,KT Leveston,OL,24,2025,0,0,0,0,,2,0,0,0,0,0,0,0,0,0,0,0,,,,Kansas St.,College Stats,LeveKT00
7,255,GNB,Kalen King,CB,21,,0,0,0,,,,,,,,,,,,,,,,,,Penn St.,College Stats,KingKa00
7,256,DEN,Nick Gargiulo,OL,24,,0,0,0,,,,,,,,,,,,,,,,,,South Carolina,College Stats,GargNi00
7,257,NYJ,Jaylen Key,SAF,24,,0,0,0,,,,,,,,,,,,,,,,,,Alabama,College Stats,KeyxJa00