Name,Team,Position,Age,Games,Passing_Cmp,Passing_Att,Passing_Yds,Passing_TD,Passing_Int,Rushing_Att,Rushing_Yds,Rushing_TD,Receiving_Tgt,Receiving_Rec,Receiving_Yds,Receiving_TD,Fumbles_Lost,2PM,2PP,Fantasy_PPR,Fantasy_PPR_NextYear
Saquon Barkley,PHI,RB,27,16,0.0,0.0,0.0,0.0,0.0,345.0,2005.0,13.0,43.0,33.0,278.0,2.0,1.0,3.0,0.0,355.3,
Derrick Henry,BAL,RB,30,17,0.0,0.0,0.0,0.0,0.0,325.0,1921.0,16.0,22.0,19.0,193.0,2.0,1.0,0.0,0.0,336.4,
Jahmyr Gibbs,DET,RB,22,17,0.0,0.0,0.0,0.0,0.0,250.0,1412.0,16.0,63.0,52.0,517.0,4.0,1.0,0.0,0.0,362.9,
Lamar Jackson,BAL,QB,27,17,316.0,474.0,4172.0,41.0,4.0,139.0,915.0,4.0,0.0,0.0,0.0,0.0,5.0,1.0,0.0,430.4,
Ja'Marr Chase,CIN,WR,24,17,0.0,0.0,0.0,0.0,0.0,3.0,32.0,0.0,175.0,127.0,1708.0,17.0,0.0,0.0,0.0,403.0,
Bijan Robinson,ATL,RB,22,17,0.0,0.0,0.0,0.0,0.0,304.0,1456.0,14.0,72.0,61.0,431.0,1.0,0.0,1.0,0.0,341.7,
Josh Jacobs,GNB,RB,26,17,0.0,0.0,0.0,0.0,0.0,301.0,1329.0,15.0,43.0,36.0,342.0,1.0,3.0,0.0,0.0,293.1,
Josh Allen,BUF,QB,28,17,307.0,483.0,3731.0,28.0,6.0,102.0,531.0,12.0,0.0,0.0,7.0,1.0,2.0,0.0,1.0,379.0,
Joe Burrow,CIN,QB,28,17,460.0,652.0,4918.0,43.0,9.0,42.0,201.0,2.0,0.0,0.0,0.0,0.0,5.0,0.0,0.0,372.8,
Kyren Williams,LAR,RB,24,16,0.0,0.0,0.0,0.0,0.0,316.0,1299.0,14.0,40.0,34.0,182.0,2.0,3.0,0.0,0.0,272.1,
James Cook,BUF,RB,25,16,0.0,0.0,0.0,0.0,0.0,207.0,1009.0,16.0,38.0,32.0,258.0,2.0,0.0,0.0,0.0,266.7,
Justin Jefferson,MIN,WR,25,17,1.0,1.0,22.0,0.0,0.0,1.0,3.0,0.0,154.0,103.0,1533.0,10.0,0.0,0.0,0.0,317.5,
Baker Mayfield,TAM,QB,29,17,407.0,570.0,4500.0,41.0,16.0,60.0,378.0,3.0,0.0,0.0,0.0,0.0,2.0,0.0,1.0,365.8,
Jonathan Taylor,IND,RB,25,14,0.0,0.0,0.0,0.0,0.0,303.0,1431.0,11.0,31.0,18.0,136.0,1.0,1.0,0.0,0.0,244.7,
George Kittle,SFO,TE,31,15,0.0,0.0,0.0,0.0,0.0,0.0,0.0,0.0,94.0,78.0,1106.0,8.0,0.0,0.0,0.0,236.6,
Jayden Daniels,WAS,QB,24,17,331.0,480.0,3568.0,25.0,9.0,148.0,891.0,6.0,0.0,0.0,0.0,0.0,0.0,1.0,2.0,355.8,
De'Von Achane,MIA,RB,23,17,0.0,0.0,0.0,0.0,0.0,203.0,907.0,6.0,87.0,78.0,592.0,6.0,0.0,0.0,0.0,299.9,
Amon-Ra St. Brown,DET,WR,25,17,1.0,1.0,7.0,1.0,0.0,2.0,6.0,0.0,141.0,115.0,1263.0,12.0,1.0,0.0,0.0,316.2,
Brian Thomas,JAX,WR,22,17,0.0,0.0,0.0,0.0,0.0,6.0,48.0,0.0,133.0,87.0,1282.0,10.0,0.0,2.0,0.0,284.0,
Brock Bowers,LVR,TE,22,17,0.0,0.0,0.0,0.0,0.0,5.0,13.0,0.0,153.0,112.0,1194.0,5.0,0.0,0.0,0.0,262.7,
James Conner,ARI,RB,29,16,0.0,0.0,0.0,0.0,0.0,236.0,1094.0,8.0,55.0,47.0,414.0,1.0,1.0,2.0,0.0,253.8,
Joe Mixon,HOU,RB,28,14,0.0,1.0,0.0,0.0,0.0,245.0,1016.0,11.0,52.0,36.0,309.0,1.0,0.0,0.0,0.0,240.5,
Terry McLaurin,WAS,WR,29,17,0.0,0.0,0.0,0.0,0.0,2.0,2.0,0.0,117.0,82.0,1096.0,13.0,1.0,0.0,0.0,267.8,
Trey McBride,ARI,TE,25,16,0.0,0.0,0.0,0.0,0.0,1.0,2.0,1.0,147.0,111.0,1146.0,2.0,0.0,0.0,0.0,249.8,
Chase Brown,CIN,RB,24,16,0.0,0.0,0.0,0.0,0.0,229.0,990.0,7.0,65.0,54.0,360.0,4.0,1.0,1.0,0.0,255.0,
Drake London,ATL,WR,23,17,0.0,0.0,0.0,0.0,0.0,1.0,-3.0,0.0,158.0,100.0,1271.0,9.0,0.0,0.0,0.0,280.8,
Chuba Hubbard,CAR,RB,25,15,0.0,0.0,0.0,0.0,0.0,250.0,1195.0,10.0,54.0,43.0,171.0,1.0,3.0,1.0,0.0,241.6,
Jonnu Smith,MIA,TE,29,17,0.0,0.0,0.0,0.0,0.0,2.0,-1.0,0.0,111.0,88.0,884.0,8.0,1.0,0.0,0.0,222.3,
Mark Andrews,BAL,TE,29,17,0.0,0.0,0.0,0.0,0.0,4.0,5.0,0.0,69.0,55.0,673.0,11.0,0.0,0.0,0.0,188.8,
Bucky Irving,TAM,RB,22,17,0.0,0.0,0.0,0.0,0.0,207.0,1122.0,8.0,52.0,47.0,392.0,0.0,1.0,0.0,0.0,244.4,
Alvin Kamara,NOR,RB,29,14,0.0,0.0,0.0,0.0,0.0,228.0,950.0,6.0,89.0,68.0,543.0,2.0,0.0,0.0,0.0,265.3,
Aaron Jones,MIN,RB,30,17,0.0,0.0,0.0,0.0,0.0,255.0,1138.0,5.0,62.0,51.0,408.0,2.0,3.0,0.0,0.0,241.6,
Jared Goff,DET,QB,30,17,390.0,539.0,4629.0,37.0,12.0,35.0,56.0,0.0,1.0,1.0,7.0,1.0,0.0,0.0,1.0,324.5,
David Montgomery,DET,RB,27,14,1.0,1.0,3.0,1.0,0.0,185.0,775.0,12.0,38.0,36.0,341.0,0.0,1.0,0.0,0.0,221.7,
Mike Evans,TAM,WR,31,14,0.0,0.0,0.0,0.0,0.0,0.0,0.0,0.0,110.0,74.0,1004.0,11.0,0.0,0.0,0.0,240.4,
Breece Hall,NYJ,RB,23,16,0.0,0.0,0.0,0.0,0.0,209.0,876.0,5.0,76.0,57.0,483.0,3.0,2.0,2.0,0.0,240.9,
Malik Nabers,NYG,WR,21,15,0.0,1.0,0.0,0.0,0.0,5.0,2.0,0.0,170.0,109.0,1204.0,7.0,0.0,1.0,0.0,273.6,
Bo Nix,DEN,QB,24,17,376.0,567.0,3775.0,29.0,12.0,92.0,430.0,4.0,1.0,1.0,2.0,1.0,0.0,0.0,0.0,317.2,
Jalen Hurts,PHI,QB,26,15,248.0,361.0,2903.0,18.0,5.0,150.0,630.0,14.0,0.0,0.0,0.0,0.0,5.0,0.0,0.0,315.1,
CeeDee Lamb,DAL,WR,25,15,0.0,0.0,0.0,0.0,0.0,14.0,70.0,0.0,152.0,101.0,1194.0,6.0,1.0,1.0,0.0,263.4,
Sam LaPorta,DET,TE,23,16,0.0,0.0,0.0,0.0,0.0,0.0,0.0,0.0,83.0,60.0,726.0,7.0,0.0,0.0,0.0,174.6,
Courtland Sutton,DEN,WR,29,17,2.0,2.0,30.0,1.0,0.0,0.0,0.0,0.0,135.0,81.0,1081.0,8.0,1.0,0.0,0.0,240.3,
Ladd McConkey,LAC,WR,23,16,0.0,0.0,0.0,0.0,0.0,0.0,0.0,0.0,112.0,82.0,1149.0,7.0,0.0,1.0,0.0,240.9,
Tucker Kraft,GNB,TE,24,17,0.0,0.0,0.0,0.0,0.0,3.0,6.0,0.0,70.0,50.0,707.0,7.0,1.0,1.0,0.0,163.3,
Zach Ertz,WAS,TE,34,17,0.0,0.0,0.0,0.0,0.0,0.0,0.0,0.0,91.0,66.0,654.0,7.0,0.0,2.0,0.0,177.4,
Davante Adams,2TM,WR,32,14,0.0,0.0,0.0,0.0,0.0,0.0,0.0,0.0,141.0,85.0,1063.0,8.0,0.0,1.0,0.0,241.3,
Sam Darnold,MIN,QB,27,17,361.0,545.0,4319.0,35.0,12.0,67.0,212.0,1.0,0.0,0.0,0.0,0.0,4.0,0.0,0.0,308.0,
Jameson Williams,DET,WR,23,15,0.0,0.0,0.0,0.0,0.0,11.0,61.0,1.0,91.0,58.0,1001.0,7.0,0.0,0.0,0.0,212.2,
D'Andre Swift,CHI,RB,25,17,0.0,0.0,0.0,0.0,0.0,253.0,959.0,6.0,52.0,42.0,386.0,0.0,0.0,1.0,0.0,214.5,
Jaxon Smith-Njigba,SEA,WR,22,17,1.0,1.0,35.0,0.0,0.0,5.0,26.0,0.0,137.0,100.0,1130.0,6.0,0.0,0.0,0.0,253.0,
Jerry Jeudy,CLE,WR,25,17,0.0,0.0,0.0,0.0,0.0,0.0,0.0,0.0,145.0,90.0,1229.0,4.0,0.0,2.0,0.0,240.9,
Garrett Wilson,NYJ,WR,24,17,0.0,0.0,0.0,0.0,0.0,2.0,5.0,0.0,154.0,101.0,1104.0,7.0,2.0,1.0,0.0,251.9,
Najee Harris,PIT,RB,26,17,0.0,0.0,0.0,0.0,0.0,263.0,1043.0,6.0,48.0,36.0,283.0,0.0,0.0,0.0,0.0,204.6,
Jordan Addison,MIN,WR,22,15,0.0,0.0,0.0,0.0,0.0,3.0,20.0,1.0,99.0,63.0,875.0,9.0,0.0,0.0,0.0,212.5,
A.J. Brown,PHI,WR,27,13,0.0,0.0,0.0,0.0,0.0,0.0,0.0,0.0,97.0,67.0,1079.0,7.0,0.0,0.0,0.0,216.9,
Tee Higgins,CIN,WR,25,12,0.0,0.0,0.0,0.0,0.0,0.0,0.0,0.0,109.0,73.0,911.0,10.0,1.0,0.0,0.0,222.1,
Pat Freiermuth,PIT,TE,26,17,0.0,0.0,0.0,0.0,0.0,0.0,0.0,0.0,78.0,65.0,653.0,7.0,2.0,0.0,0.0,168.3,
Kyler Murray,ARI,QB,27,17,372.0,541.0,3851.0,21.0,11.0,78.0,572.0,5.0,0.0,0.0,0.0,0.0,4.0,1.0,0.0,297.2,
Travis Kelce,KAN,TE,35,16,0.0,0.0,0.0,0.0,0.0,1.0,1.0,0.0,133.0,97.0,823.0,3.0,1.0,0.0,0.0,195.4,
Nico Collins,HOU,WR,25,12,0.0,0.0,0.0,0.0,0.0,0.0,0.0,0.0,99.0,68.0,1006.0,7.0,0.0,0.0,0.0,210.6,
Jayden Reed,GNB,WR,24,17,0.0,0.0,0.0,0.0,0.0,20.0,163.0,1.0,75.0,55.0,857.0,6.0,1.0,0.0,0.0,197.0,
J.K. Dobbins,LAC,RB,26,13,0.0,0.0,0.0,0.0,0.0,195.0,905.0,9.0,38.0,32.0,153.0,0.0,0.0,0.0,0.0,191.8,
Tony Pollard,TEN,RB,27,16,0.0,0.0,0.0,0.0,0.0,260.0,1079.0,5.0,57.0,41.0,238.0,0.0,2.0,1.0,0.0,200.7,
Rico Dowdle,DAL,RB,26,16,0.0,0.0,0.0,0.0,0.0,235.0,1079.0,2.0,49.0,39.0,249.0,3.0,2.0,0.0,0.0,197.8,
D.J. Moore,CHI,WR,27,17,0.0,1.0,0.0,0.0,0.0,14.0,75.0,0.0,140.0,98.0,966.0,6.0,1.0,1.0,0.0,238.1,
Tyreek Hill,MIA,WR,30,17,0.0,0.0,0.0,0.0,0.0,8.0,53.0,0.0,123.0,81.0,959.0,6.0,0.0,0.0,0.0,218.2,
Zay Flowers,BAL,WR,24,17,0.0,0.0,0.0,0.0,0.0,9.0,56.0,0.0,116.0,74.0,1059.0,4.0,0.0,0.0,0.0,209.5,
Marvin Harrison Jr.,ARI,WR,22,17,0.0,0.0,0.0,0.0,0.0,0.0,0.0,0.0,116.0,62.0,885.0,8.0,1.0,0.0,0.0,196.5,
Calvin Ridley,TEN,WR,30,17,0.0,0.0,0.0,0.0,0.0,8.0,55.0,1.0,120.0,64.0,1017.0,4.0,1.0,0.0,0.0,199.2,
Jauan Jennings,SFO,WR,27,15,0.0,0.0,0.0,0.0,0.0,0.0,0.0,0.0,113.0,77.0,975.0,6.0,0.0,0.0,0.0,210.5,
Justin Herbert,LAC,QB,26,17,332.0,504.0,3870.0,23.0,3.0,69.0,306.0,2.0,0.0,0.0,0.0,0.0,2.0,0.0,3.0,285.4,
DeVonta Smith,PHI,WR,26,13,0.0,0.0,0.0,0.0,0.0,1.0,1.0,0.0,89.0,68.0,833.0,8.0,0.0,0.0,0.0,199.4,
Jakobi Meyers,LVR,WR,28,15,0.0,0.0,0.0,0.0,0.0,2.0,23.0,0.0,129.0,87.0,1027.0,4.0,0.0,1.0,0.0,218.0,
Patrick Mahomes,KAN,QB,29,16,392.0,581.0,3928.0,26.0,11.0,58.0,307.0,2.0,1.0,1.0,2.0,0.0,0.0,0.0,0.0,283.0,
Brock Purdy,SFO,QB,25,15,300.0,455.0,3864.0,20.0,12.0,66.0,323.0,5.0,0.0,0.0,0.0,0.0,3.0,0.0,0.0,266.9,
Geno Smith,SEA,QB,34,17,407.0,578.0,4320.0,21.0,15.0,53.0,272.0,2.0,0.0,0.0,0.0,0.0,0.0,0.0,0.0,266.0,
Aaron Rodgers,NYJ,QB,41,17,368.0,584.0,3897.0,28.0,11.0,22.0,107.0,0.0,0.0,0.0,0.0,0.0,2.0,0.0,2.0,256.6,
Caleb Williams,CHI,QB,23,17,351.0,562.0,3541.0,20.0,6.0,81.0,489.0,0.0,0.0,0.0,0.0,0.0,5.0,0.0,3.0,254.5,
Jordan Love,GNB,QB,26,15,268.0,425.0,3389.0,25.0,11.0,25.0,83.0,1.0,0.0,0.0,0.0,0.0,0.0,0.0,3.0,233.9,
C.J. Stroud,HOU,QB,23,17,336.0,532.0,3727.0,20.0,12.0,52.0,233.0,0.0,1.0,0.0,0.0,0.0,4.0,0.0,0.0,220.4,
Matthew Stafford,LAR,QB,36,16,340.0,517.0,3762.0,20.0,8.0,30.0,41.0,0.0,0.0,0.0,0.0,0.0,2.0,0.0,0.0,214.6,
Bryce Young,CAR,QB,23,14,234.0,384.0,2403.0,15.0,9.0,43.0,249.0,6.0,0.0,0.0,0.0,0.0,2.0,0.0,0.0,195.0,
Tua Tagovailoa,MIA,QB,26,11,291.0,399.0,2867.0,19.0,7.0,17.0,49.0,0.0,0.0,0.0,0.0,0.0,2.0,0.0,2.0,181.6,
Drake Maye,NWE,QB,22,13,225.0,338.0,2276.0,15.0,10.0,54.0,421.0,2.0,0.0,0.0,0.0,0.0,6.0,0.0,2.0,177.1,
Kirk Cousins,ATL,QB,36,14,303.0,453.0,3508.0,18.0,16.0,23.0,0.0,0.0,0.0,0.0,0.0,0.0,2.0,0.0,0.0,176.3,
Russell Wilson,PIT,QB,36,11,214.0,336.0,2482.0,16.0,5.0,43.0,155.0,2.0,0.0,0.0,0.0,0.0,4.0,0.0,0.0,172.8,
Anthony Richardson,IND,QB,22,11,126.0,264.0,1814.0,8.0,12.0,86.0,499.0,6.0,1.0,1.0,-1.0,0.0,3.0,1.0,0.0,163.4,
Derek Carr,NOR,QB,33,10,189.0,279.0,2145.0,15.0,5.0,17.0,71.0,1.0,0.0,0.0,0.0,0.0,0.0,0.0,1.0,150.9,
Rachaad White,TAM,RB,25,16,0.0,0.0,0.0,0.0,0.0,144.0,613.0,3.0,57.0,51.0,393.0,6.0,3.0,0.0,0.0,199.6,
Zach Charbonnet,SEA,RB,23,17,0.0,0.0,0.0,0.0,0.0,135.0,569.0,8.0,52.0,42.0,340.0,1.0,0.0,0.0,0.0,186.9,
Trevor Lawrence,JAX,QB,25,10,172.0,284.0,2045.0,11.0,7.0,26.0,119.0,3.0,0.0,0.0,-5.0,0.0,1.0,0.0,3.0,145.2,
Tyrone Tracy Jr.,NYG,RB,25,17,0.0,0.0,0.0,0.0,0.0,192.0,839.0,5.0,53.0,38.0,284.0,1.0,2.0,0.0,0.0,182.3,
Rhamondre Stevenson,NWE,RB,26,15,0.0,0.0,0.0,0.0,0.0,207.0,801.0,7.0,41.0,33.0,168.0,1.0,3.0,2.0,0.0,175.9,
Brian Robinson Jr.,WAS,RB,25,14,0.0,0.0,0.0,0.0,0.0,187.0,799.0,8.0,25.0,20.0,159.0,0.0,2.0,0.0,0.0,159.8,
Daniel Jones,NYG,QB,27,10,216.0,341.0,2070.0,8.0,7.0,67.0,265.0,2.0,0.0,0.0,0.0,0.0,2.0,0.0,0.0,135.3,
Kenneth Walker III,SEA,RB,24,11,0.0,0.0,0.0,0.0,0.0,153.0,573.0,7.0,53.0,46.0,299.0,1.0,0.0,0.0,0.0,181.2,
Kareem Hunt,KAN,RB,29,13,0.0,0.0,0.0,0.0,0.0,200.0,728.0,7.0,32.0,23.0,176.0,0.0,0.0,0.0,0.0,155.4,
Jameis Winston,CLE,QB,30,12,181.0,296.0,2121.0,13.0,12.0,25.0,83.0,1.0,0.0,0.0,0.0,0.0,2.0,0.0,4.0,131.1,
Rashod Bateman,BAL,WR,25,17,0.0,0.0,0.0,0.0,0.0,0.0,0.0,0.0,72.0,45.0,756.0,9.0,0.0,0.0,0.0,174.6,
Darnell Mooney,ATL,WR,27,16,0.0,1.0,0.0,0.0,0.0,0.0,0.0,0.0,106.0,64.0,992.0,5.0,0.0,0.0,0.0,193.2,
Puka Nacua,LAR,WR,23,11,0.0,0.0,0.0,0.0,0.0,11.0,46.0,1.0,106.0,79.0,990.0,3.0,0.0,0.0,0.0,206.6,
Xavier Worthy,KAN,WR,21,17,0.0,0.0,0.0,0.0,0.0,20.0,104.0,3.0,98.0,59.0,638.0,6.0,0.0,0.0,0.0,187.2,
D.K. Metcalf,SEA,WR,27,15,0.0,0.0,0.0,0.0,0.0,0.0,0.0,0.0,108.0,66.0,992.0,5.0,2.0,0.0,0.0,191.2,
Alec Pierce,IND,WR,24,16,0.0,0.0,0.0,0.0,0.0,0.0,0.0,0.0,69.0,37.0,824.0,7.0,0.0,0.0,0.0,161.4,
Tank Bigsby,JAX,RB,23,16,0.0,0.0,0.0,0.0,0.0,168.0,766.0,7.0,12.0,7.0,54.0,0.0,1.0,0.0,0.0,129.0,
Quentin Johnston,LAC,WR,23,15,0.0,0.0,0.0,0.0,0.0,3.0,6.0,0.0,91.0,55.0,711.0,8.0,0.0,0.0,0.0,174.7,
Will Levis,TEN,QB,25,12,190.0,301.0,2091.0,13.0,12.0,45.0,183.0,0.0,0.0,0.0,0.0,0.0,6.0,0.0,1.0,119.9,
Justin Fields,PIT,QB,25,10,106.0,161.0,1106.0,5.0,1.0,62.0,289.0,5.0,0.0,0.0,0.0,0.0,1.0,0.0,0.0,119.1,
Dak Prescott,DAL,QB,31,8,185.0,286.0,1978.0,11.0,8.0,13.0,54.0,1.0,0.0,0.0,0.0,0.0,1.0,0.0,0.0,116.5,
Keenan Allen,CHI,WR,32,15,0.0,1.0,0.0,0.0,1.0,0.0,0.0,0.0,121.0,70.0,744.0,7.0,0.0,0.0,0.0,184.4,
Josh Downs,IND,WR,23,14,0.0,0.0,0.0,0.0,0.0,1.0,12.0,0.0,107.0,72.0,803.0,5.0,0.0,0.0,0.0,183.5,
Cooper Rush,DAL,QB,31,12,187.0,308.0,1844.0,12.0,5.0,26.0,18.0,0.0,0.0,0.0,0.0,0.0,3.0,0.0,1.0,109.6,
Cooper Kupp,LAR,WR,31,12,0.0,0.0,0.0,0.0,0.0,2.0,10.0,0.0,100.0,67.0,710.0,6.0,0.0,0.0,0.0,175.0,
Khalil Shakir,BUF,WR,24,15,0.0,0.0,0.0,0.0,0.0,2.0,4.0,0.0,100.0,76.0,821.0,4.0,0.0,0.0,0.0,182.5,
Javonte Williams,DEN,RB,24,17,0.0,0.0,0.0,0.0,0.0,139.0,513.0,4.0,70.0,52.0,346.0,0.0,2.0,0.0,0.0,157.9,
George Pickens,PIT,WR,23,14,0.0,0.0,0.0,0.0,0.0,2.0,-6.0,0.0,103.0,59.0,900.0,3.0,1.0,0.0,0.0,164.4,
Jordan Mason,SFO,RB,25,12,0.0,0.0,0.0,0.0,0.0,153.0,789.0,3.0,14.0,11.0,91.0,0.0,1.0,0.0,0.0,115.0,
Nick Westbrook-Ikhine,TEN,WR,27,17,0.0,0.0,0.0,0.0,0.0,0.0,0.0,0.0,60.0,32.0,497.0,9.0,0.0,0.0,0.0,135.7,
Deebo Samuel,SFO,WR,28,15,0.0,0.0,0.0,0.0,0.0,42.0,136.0,1.0,81.0,51.0,670.0,3.0,1.0,0.0,0.0,153.6,
Jalen Tolbert,DAL,WR,25,17,0.0,0.0,0.0,0.0,0.0,0.0,0.0,0.0,79.0,49.0,610.0,7.0,0.0,0.0,0.0,152.0,
Alexander Mattison,LVR,RB,26,14,0.0,0.0,0.0,0.0,0.0,132.0,420.0,4.0,48.0,36.0,294.0,1.0,1.0,1.0,0.0,137.4,
Ray Davis,BUF,RB,25,17,0.0,0.0,0.0,0.0,0.0,113.0,442.0,3.0,19.0,17.0,189.0,3.0,0.0,0.0,0.0,116.1,
Joe Flacco,IND,QB,39,8,162.0,248.0,1761.0,12.0,7.0,9.0,26.0,0.0,0.0,0.0,0.0,0.0,4.0,0.0,0.0,99.0,
Jalen McMillan,TAM,WR,23,13,0.0,0.0,0.0,0.0,0.0,4.0,43.0,0.0,58.0,37.0,461.0,8.0,0.0,0.0,0.0,135.4,
Austin Ekeler,WAS,RB,29,12,0.0,0.0,0.0,0.0,0.0,77.0,367.0,4.0,41.0,35.0,366.0,0.0,0.0,0.0,0.0,132.3,
Jerome Ford,CLE,RB,25,14,0.0,0.0,0.0,0.0,0.0,104.0,565.0,3.0,43.0,37.0,225.0,0.0,0.0,0.0,0.0,134.0,
Michael Pittman Jr.,IND,WR,27,16,0.0,0.0,0.0,0.0,0.0,0.0,0.0,0.0,111.0,69.0,808.0,3.0,1.0,0.0,0.0,165.8,
Mac Jones,JAX,QB,26,10,171.0,262.0,1672.0,8.0,8.0,28.0,92.0,1.0,0.0,0.0,0.0,0.0,2.0,0.0,1.0,96.1,
Gardner Minshew II,LVR,QB,28,10,203.0,306.0,2013.0,9.0,10.0,19.0,58.0,0.0,0.0,0.0,0.0,0.0,4.0,0.0,1.0,96.3,
Mason Rudolph,TEN,QB,29,8,146.0,228.0,1530.0,9.0,9.0,25.0,106.0,1.0,0.0,0.0,0.0,0.0,1.0,0.0,1.0,95.8,
Tyler Allgeier,ATL,RB,24,17,0.0,0.0,0.0,0.0,0.0,137.0,644.0,3.0,13.0,13.0,88.0,0.0,0.0,1.0,0.0,106.2,
Aidan O'Connell,LVR,QB,26,9,154.0,243.0,1612.0,8.0,4.0,21.0,30.0,1.0,0.0,0.0,0.0,0.0,2.0,0.0,0.0,93.5,
Demarcus Robinson,LAR,WR,30,17,0.0,0.0,0.0,0.0,0.0,0.0,0.0,0.0,64.0,31.0,505.0,7.0,0.0,0.0,0.0,123.5,
Adam Thielen,CAR,WR,34,10,0.0,0.0,0.0,0.0,0.0,0.0,0.0,0.0,62.0,48.0,615.0,5.0,0.0,0.0,0.0,139.5,
Jaylen Waddle,MIA,WR,26,15,0.0,0.0,0.0,0.0,0.0,4.0,12.0,0.0,83.0,58.0,744.0,2.0,0.0,2.0,0.0,149.6,
Travis Etienne,JAX,RB,25,15,0.0,0.0,0.0,0.0,0.0,150.0,558.0,2.0,52.0,39.0,254.0,0.0,1.0,0.0,0.0,130.2,
DeAndre Hopkins,2TM,WR,32,16,0.0,0.0,0.0,0.0,0.0,0.0,0.0,0.0,80.0,56.0,610.0,5.0,0.0,0.0,0.0,147.0,
Marvin Mims,DEN,WR,22,17,0.0,0.0,0.0,0.0,0.0,13.0,42.0,0.0,52.0,39.0,503.0,6.0,0.0,0.0,0.0,129.5,
Rome Odunze,CHI,WR,22,17,0.0,0.0,0.0,0.0,0.0,3.0,15.0,0.0,101.0,54.0,734.0,3.0,1.0,0.0,0.0,144.9,
Wan'Dale Robinson,NYG,WR,23,17,0.0,0.0,0.0,0.0,0.0,3.0,18.0,0.0,140.0,93.0,699.0,3.0,0.0,0.0,0.0,182.7,
Tank Dell,HOU,WR,25,14,0.0,0.0,0.0,0.0,0.0,9.0,43.0,0.0,81.0,51.0,667.0,3.0,0.0,0.0,0.0,140.0,
Allen Lazard,NYJ,WR,29,12,0.0,1.0,0.0,0.0,0.0,0.0,0.0,0.0,60.0,37.0,530.0,6.0,0.0,0.0,0.0,126.0,
Chris Godwin,TAM,WR,28,7,0.0,0.0,0.0,0.0,0.0,1.0,2.0,0.0,62.0,50.0,576.0,5.0,0.0,0.0,0.0,137.8,
Romeo Doubs,GNB,WR,24,13,0.0,0.0,0.0,0.0,0.0,0.0,0.0,0.0,72.0,46.0,601.0,4.0,0.0,1.0,0.0,132.1,
Jaylen Warren,PIT,RB,26,15,0.0,0.0,0.0,0.0,0.0,120.0,511.0,1.0,47.0,38.0,310.0,0.0,1.0,0.0,0.0,124.1,
Ameer Abdullah,LVR,RB,31,16,0.0,0.0,0.0,0.0,0.0,66.0,311.0,2.0,47.0,40.0,261.0,3.0,1.0,0.0,0.0,125.2,
Justice Hill,BAL,RB,27,15,0.0,0.0,0.0,0.0,0.0,47.0,228.0,1.0,51.0,42.0,383.0,3.0,0.0,0.0,0.0,127.1,
David Njoku,CLE,TE,28,11,0.0,0.0,0.0,0.0,0.0,0.0,0.0,0.0,97.0,64.0,505.0,5.0,0.0,2.0,0.0,148.5,
Emanuel Wilson,GNB,RB,25,17,0.0,0.0,0.0,0.0,0.0,103.0,502.0,4.0,14.0,11.0,48.0,1.0,0.0,0.0,0.0,96.0,
Andrei Iosivas,CIN,WR,25,17,0.0,0.0,0.0,0.0,0.0,0.0,0.0,0.0,61.0,36.0,479.0,6.0,0.0,0.0,0.0,119.9,
Kyle Pitts,ATL,TE,24,17,0.0,0.0,0.0,0.0,0.0,0.0,0.0,0.0,74.0,47.0,602.0,4.0,0.0,0.0,0.0,131.2,
Tyjae Spears,TEN,RB,23,12,0.0,0.0,0.0,0.0,0.0,84.0,312.0,4.0,35.0,30.0,224.0,1.0,0.0,0.0,0.0,113.6,
Calvin Austin III,PIT,WR,25,17,0.0,0.0,0.0,0.0,0.0,0.0,0.0,0.0,58.0,36.0,548.0,4.0,1.0,0.0,0.0,118.8,
Keon Coleman,BUF,WR,21,13,0.0,0.0,0.0,0.0,0.0,1.0,9.0,0.0,57.0,29.0,556.0,4.0,0.0,1.0,0.0,111.5,
Demario Douglas,NWE,WR,24,17,0.0,0.0,0.0,0.0,0.0,3.0,16.0,0.0,87.0,66.0,621.0,3.0,0.0,0.0,0.0,147.7,
Isaiah Likely,BAL,TE,24,16,0.0,0.0,0.0,0.0,0.0,0.0,0.0,0.0,58.0,42.0,477.0,6.0,1.0,0.0,0.0,123.7,
Cade Otton,TAM,TE,25,14,0.0,0.0,0.0,0.0,0.0,1.0,-4.0,0.0,87.0,59.0,600.0,4.0,1.0,0.0,0.0,140.6,
Tre Tucker,LVR,WR,23,17,0.0,0.0,0.0,0.0,0.0,9.0,44.0,1.0,81.0,47.0,539.0,3.0,0.0,0.0,0.0,129.3,
Antonio Gibson,NWE,RB,26,17,0.0,0.0,0.0,0.0,0.0,120.0,538.0,1.0,29.0,23.0,206.0,0.0,0.0,0.0,0.0,103.4,
Drew Lock,NYG,QB,28,8,107.0,181.0,1071.0,6.0,5.0,18.0,133.0,2.0,0.0,0.0,0.0,0.0,2.0,0.0,1.0,80.1,
Cam Akers,2TM,RB,25,17,0.0,0.0,0.0,0.0,0.0,104.0,444.0,2.0,18.0,14.0,68.0,3.0,1.0,0.0,0.0,93.2,
Kayshon Boutte,NWE,WR,22,15,0.0,0.0,0.0,0.0,0.0,0.0,0.0,0.0,68.0,43.0,589.0,3.0,0.0,1.0,0.0,121.9,
Amari Cooper,2TM,WR,30,14,0.0,0.0,0.0,0.0,0.0,0.0,0.0,0.0,85.0,44.0,547.0,4.0,0.0,0.0,0.0,122.7,
Isaac Guerendo,SFO,RB,24,16,0.0,0.0,0.0,0.0,0.0,84.0,420.0,4.0,16.0,15.0,152.0,0.0,1.0,0.0,0.0,94.2,
Hunter Henry,NWE,TE,30,16,0.0,0.0,0.0,0.0,0.0,0.0,0.0,0.0,97.0,66.0,674.0,2.0,0.0,0.0,0.0,145.4,
Taysom Hill,NOR,TE,34,8,2.0,4.0,21.0,0.0,1.0,39.0,278.0,6.0,31.0,23.0,187.0,0.0,1.0,0.0,0.0,102.3,
Ray-Ray McCloud,ATL,WR,28,17,0.0,0.0,0.0,0.0,0.0,10.0,79.0,0.0,87.0,62.0,686.0,1.0,2.0,0.0,0.0,140.5,
Michael Wilson,ARI,WR,24,16,0.0,0.0,0.0,0.0,0.0,1.0,7.0,0.0,71.0,47.0,548.0,4.0,1.0,0.0,0.0,124.5,
Mike Gesicki,CIN,TE,29,17,0.0,0.0,0.0,0.0,0.0,0.0,0.0,0.0,83.0,65.0,665.0,2.0,1.0,0.0,0.0,141.5,
Deshaun Watson,CLE,QB,29,7,137.0,216.0,1148.0,5.0,3.0,31.0,148.0,1.0,0.0,0.0,0.0,0.0,3.0,0.0,1.0,76.7,
Xavier Legette,CAR,WR,23,16,0.0,0.0,0.0,0.0,0.0,6.0,24.0,0.0,84.0,49.0,497.0,4.0,0.0,0.0,0.0,125.1,
Devin Singletary,NYG,RB,27,15,0.0,0.0,0.0,0.0,0.0,113.0,437.0,4.0,24.0,21.0,119.0,0.0,2.0,0.0,0.0,96.6,
Christian Watson,GNB,WR,25,15,0.0,0.0,0.0,0.0,0.0,4.0,23.0,0.0,53.0,29.0,620.0,2.0,1.0,1.0,0.0,105.3,
Stefon Diggs,HOU,WR,31,8,1.0,1.0,13.0,0.0,0.0,3.0,8.0,1.0,64.0,47.0,496.0,3.0,0.0,0.0,0.0,121.9,
Jalen Nailor,MIN,WR,25,17,0.0,0.0,0.0,0.0,0.0,3.0,-4.0,0.0,42.0,28.0,414.0,6.0,1.0,0.0,0.0,103.0,
Ty Johnson,BUF,RB,27,17,0.0,0.0,0.0,0.0,0.0,41.0,213.0,1.0,25.0,18.0,284.0,3.0,0.0,0.0,0.0,91.7,
Noah Gray,KAN,TE,25,17,0.0,0.0,0.0,0.0,0.0,1.0,-4.0,0.0,49.0,40.0,437.0,5.0,0.0,0.0,0.0,113.3,
Juwan Johnson,NOR,TE,28,17,0.0,0.0,0.0,0.0,0.0,0.0,0.0,0.0,66.0,50.0,548.0,3.0,0.0,0.0,0.0,122.8,
Cole Kmet,CHI,TE,25,17,0.0,0.0,0.0,0.0,0.0,0.0,0.0,0.0,55.0,47.0,474.0,4.0,0.0,1.0,0.0,120.4,
Jaleel McLaughlin,DEN,RB,24,16,0.0,0.0,0.0,0.0,0.0,113.0,496.0,1.0,27.0,24.0,76.0,2.0,1.0,0.0,0.0,97.2,
KaVontae Turpin,DAL,WR,28,17,0.0,0.0,0.0,0.0,0.0,16.0,92.0,0.0,52.0,31.0,420.0,2.0,1.0,0.0,0.0,104.2,
Tyler Lockett,SEA,WR,32,17,0.0,0.0,0.0,0.0,0.0,0.0,0.0,0.0,74.0,49.0,600.0,2.0,0.0,0.0,0.0,121.0,
Dontayvion Wicks,GNB,WR,23,17,0.0,0.0,0.0,0.0,0.0,0.0,0.0,0.0,76.0,39.0,415.0,5.0,0.0,0.0,0.0,110.5,
Tyler Conklin,NYJ,TE,29,16,0.0,0.0,0.0,0.0,0.0,1.0,0.0,0.0,72.0,51.0,449.0,4.0,0.0,1.0,0.0,121.9,
Foster Moreau,NOR,TE,27,17,0.0,0.0,0.0,0.0,0.0,0.0,0.0,0.0,43.0,32.0,413.0,5.0,0.0,0.0,0.0,103.3,
Darius Slayton,NYG,WR,27,16,0.0,0.0,0.0,0.0,0.0,2.0,17.0,0.0,71.0,39.0,573.0,2.0,0.0,0.0,0.0,110.0,
Mack Hollins,BUF,WR,31,17,0.0,0.0,0.0,0.0,0.0,0.0,0.0,0.0,50.0,31.0,378.0,5.0,0.0,0.0,0.0,98.8,
Josh Palmer,LAC,WR,25,15,0.0,0.0,0.0,0.0,0.0,0.0,0.0,0.0,65.0,39.0,584.0,1.0,0.0,2.0,0.0,107.4,
Spencer Rattler,NOR,QB,24,7,130.0,228.0,1317.0,4.0,5.0,18.0,146.0,0.0,0.0,0.0,0.0,0.0,3.0,0.0,0.0,67.3,
Olamide Zaccheaus,WAS,WR,27,17,0.0,0.0,0.0,0.0,0.0,1.0,8.0,0.0,64.0,45.0,506.0,3.0,1.0,0.0,0.0,112.4,
Braelon Allen,NYJ,RB,20,17,0.0,0.0,0.0,0.0,0.0,92.0,334.0,2.0,27.0,19.0,148.0,1.0,0.0,0.0,0.0,85.2,
Marquez Valdes-Scantling,2TM,WR,30,14,0.0,0.0,0.0,0.0,0.0,1.0,4.0,0.0,44.0,19.0,411.0,4.0,0.0,0.0,0.0,84.5,
Devaughn Vele,DEN,WR,27,13,0.0,0.0,0.0,0.0,0.0,0.0,0.0,0.0,55.0,41.0,475.0,3.0,0.0,0.0,0.0,106.5,
Dalton Schultz,HOU,TE,28,17,0.0,0.0,0.0,0.0,0.0,0.0,0.0,0.0,85.0,53.0,532.0,2.0,0.0,0.0,0.0,118.2,
Parker Washington,JAX,WR,22,17,0.0,0.0,0.0,0.0,0.0,0.0,0.0,0.0,51.0,32.0,390.0,3.0,0.0,1.0,0.0,97.0,
Austin Hooper,NWE,TE,30,17,0.0,0.0,0.0,0.0,0.0,0.0,0.0,0.0,59.0,45.0,476.0,3.0,1.0,0.0,0.0,108.6,
Ricky Pearsall,SFO,WR,24,11,0.0,1.0,0.0,0.0,0.0,3.0,45.0,0.0,46.0,31.0,400.0,3.0,0.0,0.0,0.0,93.5,
Dallas Goedert,PHI,TE,29,10,0.0,0.0,0.0,0.0,0.0,0.0,0.0,0.0,52.0,42.0,496.0,2.0,0.0,0.0,0.0,103.6,
Chigoziem Okonkwo,TEN,TE,25,17,0.0,0.0,0.0,0.0,0.0,1.0,17.0,0.0,70.0,52.0,479.0,2.0,1.0,1.0,0.0,113.6,
Jalen Coker,CAR,WR,23,11,1.0,1.0,19.0,0.0,0.0,0.0,0.0,0.0,46.0,32.0,478.0,2.0,0.0,0.0,0.0,92.6,
Gus Edwards,LAC,RB,29,11,0.0,0.0,0.0,0.0,0.0,101.0,365.0,4.0,5.0,3.0,6.0,0.0,0.0,0.0,0.0,64.1,
Tyler Huntley,MIA,QB,26,5,86.0,133.0,829.0,3.0,3.0,26.0,135.0,2.0,0.0,0.0,0.0,0.0,2.0,0.0,0.0,60.7,
Roschon Johnson,CHI,RB,23,14,0.0,0.0,0.0,0.0,0.0,55.0,150.0,6.0,20.0,16.0,104.0,0.0,0.0,0.0,0.0,77.4,
Will Dissly,LAC,TE,28,15,0.0,0.0,0.0,0.0,0.0,0.0,0.0,0.0,64.0,50.0,481.0,2.0,0.0,0.0,0.0,110.1,
Elijah Moore,CLE,WR,24,17,0.0,0.0,0.0,0.0,0.0,1.0,1.0,0.0,102.0,61.0,538.0,1.0,0.0,0.0,0.0,120.9,
Rashid Shaheed,NOR,WR,26,6,0.0,0.0,0.0,0.0,0.0,6.0,29.0,0.0,41.0,20.0,349.0,3.0,1.0,0.0,0.0,79.8,
Sean Tucker,TAM,RB,23,17,0.0,0.0,0.0,0.0,0.0,50.0,308.0,2.0,12.0,9.0,109.0,1.0,0.0,0.0,0.0,68.7,
Andy Dalton,CAR,QB,37,6,106.0,160.0,989.0,7.0,6.0,11.0,34.0,0.0,0.0,0.0,0.0,0.0,0.0,0.0,0.0,59.0,
Zack Moss,CIN,RB,27,8,0.0,0.0,0.0,0.0,0.0,74.0,242.0,2.0,27.0,23.0,187.0,1.0,1.0,0.0,0.0,81.9,
Tim Patrick,DET,WR,31,16,0.0,0.0,0.0,0.0,0.0,0.0,0.0,0.0,44.0,33.0,394.0,3.0,0.0,1.0,0.0,92.4,
Nick Chubb,CLE,RB,29,8,0.0,0.0,0.0,0.0,0.0,102.0,332.0,3.0,11.0,5.0,31.0,1.0,1.0,0.0,0.0,63.3,
Tutu Atwell,LAR,WR,25,17,0.0,1.0,0.0,0.0,0.0,2.0,7.0,0.0,62.0,42.0,562.0,0.0,0.0,0.0,0.0,98.9,
Dalton Kincaid,BUF,TE,25,13,0.0,0.0,0.0,0.0,0.0,0.0,0.0,0.0,75.0,44.0,448.0,2.0,0.0,0.0,0.0,100.8,
Noah Fant,SEA,TE,27,14,0.0,0.0,0.0,0.0,0.0,0.0,0.0,0.0,64.0,48.0,500.0,1.0,0.0,0.0,0.0,104.0,
Diontae Johnson,3TM,WR,28,12,0.0,0.0,0.0,0.0,0.0,2.0,6.0,0.0,67.0,33.0,375.0,3.0,0.0,0.0,0.0,89.1,
Jeremy McNichols,WAS,RB,29,17,0.0,0.0,0.0,0.0,0.0,55.0,261.0,4.0,12.0,9.0,27.0,0.0,0.0,1.0,0.0,63.8,
Greg Dortch,ARI,WR,26,17,0.0,0.0,0.0,0.0,0.0,5.0,31.0,0.0,50.0,37.0,342.0,3.0,1.0,0.0,0.0,90.3,
David Moore,CAR,WR,29,17,0.0,0.0,0.0,0.0,0.0,1.0,0.0,0.0,57.0,32.0,351.0,3.0,0.0,0.0,0.0,85.1,
Samaje Perine,KAN,RB,29,17,0.0,0.0,0.0,0.0,0.0,20.0,92.0,1.0,35.0,28.0,322.0,1.0,0.0,0.0,0.0,81.4,
Miles Sanders,CAR,RB,27,11,0.0,0.0,0.0,0.0,0.0,55.0,205.0,2.0,30.0,24.0,148.0,1.0,0.0,0.0,0.0,77.3,
Raheem Mostert,MIA,RB,32,13,0.0,0.0,0.0,0.0,0.0,85.0,278.0,2.0,23.0,19.0,161.0,0.0,2.0,0.0,0.0,70.9,
Malik Willis,GNB,QB,25,7,40.0,54.0,550.0,3.0,0.0,20.0,138.0,1.0,0.0,0.0,0.0,0.0,1.0,0.0,0.0,51.8,
Jordan Akins,CLE,TE,32,17,0.0,0.0,0.0,0.0,0.0,0.0,0.0,0.0,58.0,40.0,390.0,2.0,0.0,0.0,0.0,91.0,
Noah Brown,WAS,WR,28,11,0.0,0.0,0.0,0.0,0.0,0.0,0.0,0.0,56.0,35.0,453.0,1.0,0.0,0.0,0.0,86.3,
Brenton Strange,JAX,TE,24,17,0.0,0.0,0.0,0.0,0.0,0.0,0.0,0.0,53.0,40.0,411.0,2.0,1.0,0.0,0.0,91.1,
Cedric Tillman,CLE,WR,24,11,0.0,0.0,0.0,0.0,0.0,1.0,-5.0,0.0,49.0,29.0,339.0,3.0,1.0,1.0,0.0,80.4,
AJ Barner,SEA,TE,22,17,0.0,0.0,0.0,0.0,0.0,0.0,0.0,0.0,38.0,30.0,245.0,4.0,0.0,0.0,0.0,78.5,
Sterling Shepard,TAM,WR,31,14,0.0,0.0,0.0,0.0,0.0,8.0,69.0,0.0,51.0,32.0,334.0,1.0,0.0,1.0,0.0,80.3,
Kenneth Gainwell,PHI,RB,25,17,0.0,0.0,0.0,0.0,0.0,75.0,290.0,1.0,22.0,16.0,116.0,0.0,0.0,0.0,0.0,62.6,
Ezekiel Elliott,DAL,RB,29,15,0.0,0.0,0.0,0.0,0.0,74.0,226.0,3.0,15.0,12.0,69.0,0.0,1.0,0.0,0.0,57.5,
T.J. Hockenson,MIN,TE,27,10,0.0,0.0,0.0,0.0,0.0,0.0,0.0,0.0,62.0,41.0,455.0,0.0,0.0,0.0,0.0,86.5,
Marcus Mariota,WAS,QB,31,3,34.0,44.0,364.0,4.0,0.0,18.0,92.0,1.0,0.0,0.0,0.0,0.0,0.0,0.0,0.0,45.8,
Jacoby Brissett,NWE,QB,32,8,95.0,161.0,826.0,2.0,1.0,15.0,62.0,0.0,0.0,0.0,0.0,0.0,1.0,0.0,1.0,45.2,
Jake Ferguson,DAL,TE,25,14,0.0,0.0,0.0,0.0,0.0,0.0,0.0,0.0,86.0,59.0,494.0,0.0,2.0,0.0,0.0,104.4,
Chris Olave,NOR,WR,24,8,0.0,0.0,0.0,0.0,0.0,1.0,7.0,0.0,44.0,32.0,400.0,1.0,1.0,0.0,0.0,76.7,
Isiah Pacheco,KAN,RB,25,7,0.0,0.0,0.0,0.0,0.0,83.0,310.0,1.0,16.0,12.0,79.0,0.0,0.0,0.0,0.0,56.9,
Brandin Cooks,DAL,WR,31,10,0.0,0.0,0.0,0.0,0.0,3.0,-3.0,0.0,54.0,26.0,259.0,3.0,0.0,0.0,0.0,69.6,
Audric Estime,DEN,RB,21,13,0.0,0.0,0.0,0.0,0.0,76.0,310.0,2.0,5.0,5.0,27.0,0.0,1.0,0.0,0.0,48.7,
Christian Kirk,JAX,WR,28,8,0.0,0.0,0.0,0.0,0.0,0.0,0.0,0.0,47.0,27.0,379.0,1.0,0.0,0.0,0.0,70.9,
Josh Oliver,MIN,TE,27,15,0.0,0.0,0.0,0.0,0.0,0.0,0.0,0.0,28.0,22.0,258.0,3.0,0.0,0.0,0.0,65.8,
Michael Penix,ATL,QB,24,5,61.0,105.0,775.0,3.0,3.0,7.0,11.0,1.0,0.0,0.0,0.0,0.0,0.0,0.0,0.0,44.1,
Evan Engram,JAX,TE,30,9,0.0,0.0,0.0,0.0,0.0,0.0,0.0,0.0,64.0,47.0,365.0,1.0,1.0,1.0,0.0,89.5,
Dameon Pierce,HOU,RB,24,11,0.0,0.0,0.0,0.0,0.0,40.0,293.0,2.0,4.0,2.0,2.0,0.0,0.0,0.0,0.0,43.5,
Trey Benson,ARI,RB,22,13,0.0,0.0,0.0,0.0,0.0,63.0,291.0,1.0,6.0,6.0,59.0,0.0,0.0,0.0,0.0,47.0,
Rashee Rice,KAN,WR,24,4,0.0,0.0,0.0,0.0,0.0,1.0,1.0,0.0,29.0,24.0,288.0,2.0,0.0,0.0,0.0,64.9,
Justin Watson,KAN,WR,28,17,0.0,0.0,0.0,0.0,0.0,0.0,0.0,0.0,32.0,22.0,289.0,2.0,0.0,0.0,0.0,62.9,
Van Jefferson,PIT,WR,28,17,0.0,0.0,0.0,0.0,0.0,0.0,0.0,0.0,40.0,24.0,276.0,2.0,0.0,0.0,0.0,63.6,
Kalif Raymond,DET,WR,30,12,0.0,0.0,0.0,0.0,0.0,2.0,0.0,0.0,22.0,17.0,215.0,2.0,0.0,0.0,0.0,56.5,
Ja'Tavion Sanders,CAR,TE,21,16,0.0,0.0,0.0,0.0,0.0,0.0,0.0,0.0,43.0,33.0,342.0,1.0,0.0,0.0,0.0,73.2,
Tyler Boyd,TEN,WR,30,16,0.0,1.0,0.0,0.0,0.0,1.0,3.0,0.0,57.0,39.0,390.0,0.0,0.0,0.0,0.0,78.3,
Emari Demercado,ARI,RB,25,13,0.0,0.0,0.0,0.0,0.0,24.0,223.0,1.0,20.0,16.0,104.0,0.0,0.0,0.0,0.0,54.7,
Troy Franklin,DEN,WR,21,16,0.0,0.0,0.0,0.0,0.0,2.0,8.0,0.0,53.0,28.0,263.0,2.0,0.0,0.0,0.0,67.1,
Theo Johnson,NYG,TE,23,12,0.0,0.0,0.0,0.0,0.0,0.0,0.0,0.0,43.0,29.0,331.0,1.0,0.0,0.0,0.0,68.1,
Kyle Juszczyk,SFO,FB,33,17,0.0,0.0,0.0,0.0,0.0,5.0,26.0,1.0,31.0,19.0,200.0,2.0,1.0,0.0,0.0,57.6,
Trey Sermon,IND,RB,25,17,0.0,0.0,0.0,0.0,0.0,56.0,159.0,2.0,19.0,16.0,99.0,0.0,0.0,0.0,0.0,53.8,
Brandon Aiyuk,SFO,WR,26,7,0.0,0.0,0.0,0.0,0.0,0.0,0.0,0.0,47.0,25.0,374.0,0.0,0.0,0.0,0.0,62.4,
Kendrick Bourne,NWE,WR,29,12,0.0,1.0,0.0,0.0,0.0,1.0,6.0,0.0,38.0,28.0,305.0,1.0,0.0,0.0,0.0,65.1,
Dyami Brown,WAS,WR,25,16,0.0,1.0,0.0,0.0,0.0,3.0,26.0,0.0,40.0,30.0,308.0,1.0,1.0,0.0,0.0,67.4,
Isaiah Davis,NYJ,RB,22,17,0.0,0.0,0.0,0.0,0.0,30.0,174.0,1.0,12.0,9.0,75.0,1.0,0.0,0.0,0.0,45.9,
Dawson Knox,BUF,TE,28,16,0.0,0.0,0.0,0.0,0.0,0.0,0.0,0.0,33.0,22.0,311.0,1.0,0.0,0.0,0.0,59.1,
Dare Ogunbowale,HOU,RB,30,17,0.0,0.0,0.0,0.0,0.0,30.0,112.0,0.0,28.0,19.0,198.0,1.0,0.0,0.0,0.0,56.0,
Grant Calcaterra,PHI,TE,26,17,0.0,0.0,0.0,0.0,0.0,0.0,0.0,0.0,30.0,24.0,298.0,1.0,0.0,0.0,0.0,59.8,
Mike Williams,2TM,WR,30,18,0.0,0.0,0.0,0.0,0.0,0.0,0.0,0.0,34.0,21.0,298.0,1.0,0.0,0.0,0.0,56.8,
Nelson Agholor,BAL,WR,31,14,0.0,0.0,0.0,0.0,0.0,0.0,0.0,0.0,29.0,14.0,231.0,2.0,0.0,0.0,0.0,49.1,
Tyler Johnson,LAR,WR,26,15,0.0,0.0,0.0,0.0,0.0,0.0,0.0,0.0,41.0,26.0,291.0,1.0,0.0,0.0,0.0,61.1,
Colby Parkinson,LAR,TE,25,17,0.0,0.0,0.0,0.0,0.0,0.0,0.0,0.0,49.0,30.0,294.0,1.0,0.0,0.0,0.0,65.4,
JuJu Smith-Schuster,KAN,WR,28,14,0.0,0.0,0.0,0.0,0.0,0.0,0.0,0.0,26.0,18.0,231.0,2.0,0.0,0.0,0.0,53.1,
Gabriel Davis,JAX,WR,25,10,0.0,0.0,0.0,0.0,0.0,0.0,0.0,0.0,42.0,20.0,239.0,2.0,1.0,0.0,0.0,53.9,
Tyler Goodson,IND,RB,24,16,0.0,0.0,0.0,0.0,0.0,32.0,153.0,1.0,15.0,11.0,61.0,1.0,0.0,0.0,0.0,44.4,
Lil'Jordan Humphrey,DEN,WR,26,17,0.0,0.0,0.0,0.0,0.0,0.0,0.0,0.0,45.0,31.0,293.0,1.0,1.0,0.0,0.0,64.3,
Christian McCaffrey,SFO,RB,28,4,0.0,0.0,0.0,0.0,0.0,50.0,202.0,0.0,19.0,15.0,146.0,0.0,1.0,0.0,0.0,47.8,
Curtis Samuel,BUF,WR,28,14,0.0,0.0,0.0,0.0,0.0,5.0,14.0,0.0,46.0,31.0,253.0,1.0,0.0,0.0,0.0,63.7,
Tommy Tremble,CAR,TE,24,12,0.0,0.0,0.0,0.0,0.0,0.0,0.0,0.0,32.0,23.0,234.0,2.0,1.0,0.0,0.0,56.4,
Josh Whyle,TEN,TE,25,17,0.0,0.0,0.0,0.0,0.0,0.0,0.0,0.0,37.0,28.0,248.0,1.0,0.0,1.0,0.0,60.8,
Nick Vannett,TEN,TE,31,17,0.0,0.0,0.0,0.0,0.0,0.0,0.0,0.0,20.0,17.0,135.0,3.0,0.0,0.0,0.0,48.5,
Chris Brooks,GNB,RB,24,15,0.0,0.0,0.0,0.0,0.0,36.0,183.0,1.0,13.0,11.0,69.0,0.0,0.0,0.0,0.0,42.2,
Joshua Dobbs,SFO,QB,29,2,32.0,47.0,361.0,2.0,2.0,9.0,24.0,2.0,0.0,0.0,0.0,0.0,1.0,0.0,0.0,30.8,
John Metchie,HOU,WR,24,13,0.0,0.0,0.0,0.0,0.0,0.0,0.0,0.0,37.0,24.0,254.0,1.0,0.0,0.0,0.0,55.4,
Adonai Mitchell,IND,WR,22,17,1.0,1.0,24.0,0.0,0.0,4.0,6.0,0.0,55.0,23.0,312.0,0.0,1.0,0.0,0.0,53.8,
Chris Rodriguez,WAS,RB,24,9,0.0,0.0,0.0,0.0,0.0,35.0,173.0,2.0,1.0,1.0,12.0,0.0,0.0,0.0,0.0,31.5,
Adam Trautman,DEN,TE,27,17,0.0,0.0,0.0,0.0,0.0,0.0,0.0,0.0,22.0,13.0,188.0,2.0,0.0,0.0,0.0,43.8,
DJ Turner,LVR,WR,27,12,0.0,0.0,0.0,0.0,0.0,5.0,33.0,1.0,29.0,16.0,158.0,1.0,0.0,0.0,0.0,47.1,
Jordan Whittington,LAR,WR,24,15,0.0,0.0,0.0,0.0,0.0,2.0,12.0,0.0,28.0,22.0,293.0,0.0,0.0,0.0,0.0,52.5,
Nate Adkins,DEN,TE,25,17,0.0,0.0,0.0,0.0,0.0,0.0,0.0,0.0,15.0,14.0,115.0,3.0,0.0,0.0,0.0,43.5,
Hassan Haskins,LAC,RB,25,17,0.0,0.0,0.0,0.0,0.0,34.0,89.0,2.0,3.0,3.0,49.0,1.0,1.0,0.0,0.0,32.8,
Luke Schoonmaker,DAL,TE,26,17,0.0,0.0,0.0,0.0,0.0,0.0,0.0,0.0,36.0,27.0,241.0,1.0,0.0,0.0,0.0,57.1,
Cedrick Wilson Jr.,NOR,WR,29,15,1.0,1.0,21.0,1.0,0.0,0.0,0.0,0.0,27.0,20.0,211.0,1.0,1.0,0.0,0.0,49.9,
Elijah Higgins,ARI,TE,24,17,0.0,0.0,0.0,0.0,0.0,0.0,0.0,0.0,24.0,20.0,172.0,2.0,0.0,0.0,0.0,49.2,
Tanner McKee,PHI,QB,24,2,30.0,45.0,323.0,4.0,0.0,5.0,-1.0,0.0,0.0,0.0,0.0,0.0,0.0,0.0,0.0,28.8,
Malik Washington,MIA,WR,23,14,0.0,0.0,0.0,0.0,0.0,5.0,25.0,1.0,36.0,26.0,223.0,0.0,1.0,0.0,0.0,54.8,
Kimani Vidal,LAC,RB,23,10,0.0,0.0,0.0,0.0,0.0,43.0,155.0,0.0,9.0,5.0,62.0,1.0,0.0,0.0,0.0,32.7,
Jamaal Williams,NOR,RB,29,14,0.0,0.0,0.0,0.0,0.0,48.0,164.0,1.0,11.0,9.0,57.0,0.0,0.0,0.0,0.0,37.1,
Blake Corum,LAR,RB,24,17,0.0,0.0,0.0,0.0,0.0,58.0,207.0,0.0,8.0,7.0,58.0,0.0,0.0,0.0,0.0,33.5,
Derius Davis,LAC,WR,24,15,0.0,0.0,0.0,0.0,0.0,12.0,39.0,0.0,17.0,13.0,112.0,2.0,0.0,0.0,0.0,40.1,
D'Onta Foreman,CLE,RB,28,11,0.0,0.0,0.0,0.0,0.0,71.0,232.0,0.0,8.0,6.0,54.0,0.0,1.0,0.0,0.0,32.6,
Patrick Taylor,SFO,RB,26,13,0.0,0.0,0.0,0.0,0.0,39.0,183.0,1.0,11.0,3.0,25.0,0.0,0.0,0.0,0.0,29.8,
Johnny Mundt,MIN,TE,30,17,0.0,0.0,0.0,0.0,0.0,0.0,0.0,0.0,27.0,19.0,142.0,2.0,0.0,0.0,0.0,45.2,
Cordarrelle Patterson,PIT,RB,33,13,0.0,0.0,0.0,0.0,0.0,32.0,135.0,0.0,14.0,12.0,80.0,1.0,1.0,0.0,0.0,37.5,
Darnell Washington,PIT,TE,23,17,0.0,0.0,0.0,0.0,0.0,0.0,0.0,0.0,25.0,19.0,200.0,1.0,0.0,0.0,0.0,45.0,
Michael Carter,ARI,RB,25,3,0.0,0.0,0.0,0.0,0.0,35.0,131.0,1.0,11.0,11.0,57.0,0.0,0.0,0.0,0.0,35.8,
KhaDarel Hodge,ATL,WR,29,17,0.0,0.0,0.0,0.0,0.0,0.0,0.0,0.0,12.0,7.0,131.0,1.0,0.0,0.0,0.0,32.1,
Ryan Miller,TAM,WR,24,11,0.0,0.0,0.0,0.0,0.0,0.0,0.0,0.0,20.0,12.0,128.0,2.0,0.0,0.0,0.0,36.8,
Kenny Pickett,PHI,QB,26,5,25.0,42.0,291.0,2.0,1.0,9.0,15.0,1.0,0.0,0.0,0.0,0.0,0.0,0.0,0.0,25.1,
Josh Reynolds,2TM,WR,29,9,0.0,0.0,0.0,0.0,0.0,0.0,0.0,0.0,24.0,13.0,194.0,1.0,0.0,0.0,0.0,38.4,
Tylan Wallace,BAL,WR,25,17,0.0,0.0,0.0,0.0,0.0,0.0,0.0,0.0,12.0,11.0,193.0,1.0,0.0,0.0,0.0,36.3,
Jalen Brooks,DAL,WR,24,14,0.0,0.0,0.0,0.0,0.0,0.0,0.0,0.0,30.0,12.0,177.0,1.0,0.0,0.0,0.0,35.7,
Payne Durham,TAM,TE,24,16,0.0,0.0,0.0,0.0,0.0,0.0,0.0,0.0,14.0,11.0,115.0,2.0,0.0,0.0,0.0,34.5,
D'Ernest Johnson,JAX,RB,28,14,0.0,0.0,0.0,0.0,0.0,32.0,143.0,0.0,19.0,12.0,96.0,0.0,0.0,0.0,0.0,35.9,
Kendre Miller,NOR,RB,22,6,0.0,0.0,0.0,0.0,0.0,39.0,148.0,1.0,8.0,5.0,33.0,0.0,0.0,0.0,0.0,29.1,
Jaylen Wright,MIA,RB,21,15,0.0,0.0,0.0,0.0,0.0,68.0,249.0,0.0,6.0,3.0,8.0,0.0,1.0,0.0,0.0,26.7,
Jahan Dotson,PHI,WR,24,17,0.0,0.0,0.0,0.0,0.0,1.0,13.0,0.0,33.0,19.0,216.0,0.0,0.0,0.0,0.0,41.9,
Trey Palmer,TAM,WR,23,15,0.0,0.0,0.0,0.0,0.0,0.0,0.0,0.0,22.0,12.0,172.0,1.0,0.0,0.0,0.0,35.2,
Zamir White,LVR,RB,25,8,0.0,0.0,0.0,0.0,0.0,65.0,183.0,1.0,8.0,6.0,30.0,0.0,2.0,0.0,0.0,29.3,
Ty Chandler,MIN,RB,26,17,0.0,0.0,0.0,0.0,0.0,56.0,182.0,0.0,6.0,6.0,42.0,0.0,0.0,0.0,0.0,28.4,
Malik Heath,GNB,WR,24,13,0.0,0.0,0.0,0.0,0.0,0.0,0.0,0.0,13.0,10.0,97.0,2.0,0.0,0.0,0.0,31.7,
Khalil Herbert,2TM,RB,26,14,0.0,0.0,0.0,0.0,0.0,36.0,130.0,1.0,11.0,10.0,25.0,0.0,0.0,0.0,0.0,31.5,
Desmond Ridder,LVR,QB,25,6,52.0,85.0,458.0,2.0,2.0,9.0,36.0,0.0,0.0,0.0,0.0,0.0,2.0,0.0,0.0,21.9,
Brock Wright,DET,TE,26,17,0.0,0.0,0.0,0.0,0.0,0.0,0.0,0.0,16.0,13.0,100.0,2.0,0.0,0.0,0.0,35.0,
Mo Alie-Cox,IND,TE,31,17,0.0,0.0,0.0,0.0,0.0,0.0,0.0,0.0,22.0,12.0,147.0,1.0,0.0,0.0,0.0,32.7,
Mecole Hardman,KAN,WR,26,12,0.0,0.0,0.0,0.0,0.0,5.0,62.0,1.0,14.0,12.0,90.0,0.0,0.0,0.0,0.0,33.2,
Sincere McCormick,LVR,RB,24,5,0.0,0.0,0.0,0.0,0.0,39.0,183.0,0.0,7.0,6.0,29.0,0.0,0.0,0.0,0.0,27.2,
Ja'Lynn Polk,NWE,WR,22,15,0.0,0.0,0.0,0.0,0.0,1.0,0.0,0.0,33.0,12.0,87.0,2.0,0.0,0.0,0.0,32.7,
Pierre Strong,CLE,RB,26,14,0.0,0.0,0.0,0.0,0.0,26.0,108.0,0.0,22.0,14.0,104.0,0.0,0.0,0.0,0.0,35.2,
Jimmy Garoppolo,LAR,QB,33,1,27.0,41.0,334.0,2.0,1.0,2.0,5.0,0.0,0.0,0.0,0.0,0.0,0.0,0.0,0.0,19.9,
Tanner Hudson,CIN,TE,30,11,0.0,0.0,0.0,0.0,0.0,1.0,1.0,0.0,23.0,19.0,154.0,1.0,1.0,0.0,0.0,38.5,
Dante Pettis,NOR,WR,29,8,0.0,0.0,0.0,0.0,0.0,0.0,0.0,0.0,28.0,12.0,120.0,1.0,0.0,1.0,0.0,32.0,
Tyrod Taylor,NYJ,QB,35,2,17.0,22.0,119.0,3.0,0.0,3.0,13.0,0.0,0.0,0.0,0.0,0.0,0.0,0.0,1.0,20.1,
Michael Burton,DEN,FB,32,17,0.0,0.0,0.0,0.0,0.0,7.0,8.0,1.0,10.0,10.0,65.0,1.0,0.0,0.0,0.0,29.3,
Jamycal Hasty,NWE,RB,28,15,0.0,0.0,0.0,0.0,0.0,20.0,69.0,0.0,12.0,10.0,59.0,1.0,0.0,0.0,0.0,28.8,
Tyler Higbee,LAR,TE,31,3,0.0,0.0,0.0,0.0,0.0,0.0,0.0,0.0,12.0,8.0,66.0,2.0,0.0,0.0,0.0,26.6,
Charlie Kolar,BAL,TE,25,13,0.0,0.0,0.0,0.0,0.0,1.0,2.0,0.0,11.0,9.0,131.0,1.0,0.0,0.0,0.0,28.3,
Kenny McIntosh,SEA,RB,24,17,0.0,0.0,0.0,0.0,0.0,31.0,172.0,0.0,4.0,3.0,22.0,0.0,0.0,0.0,0.0,22.4,
Joe Milton,NWE,QB,24,1,22.0,29.0,241.0,1.0,0.0,10.0,16.0,1.0,0.0,0.0,0.0,0.0,1.0,0.0,0.0,19.2,
Stone Smartt,LAC,TE,26,15,0.0,0.0,0.0,0.0,0.0,0.0,0.0,0.0,19.0,16.0,208.0,0.0,1.0,0.0,0.0,34.8,
Cade Stover,HOU,TE,24,15,0.0,0.0,0.0,0.0,0.0,0.0,0.0,0.0,22.0,15.0,133.0,1.0,0.0,0.0,0.0,34.3,
DeeJay Dallas,ARI,RB,26,17,0.0,0.0,0.0,0.0,0.0,9.0,49.0,0.0,3.0,3.0,11.0,1.0,0.0,0.0,0.0,21.0,
Kylen Granson,IND,TE,26,17,0.0,0.0,0.0,0.0,0.0,0.0,0.0,0.0,31.0,14.0,182.0,0.0,0.0,0.0,0.0,32.2,
Bub Means,NOR,WR,23,7,0.0,0.0,0.0,0.0,0.0,0.0,0.0,0.0,15.0,9.0,118.0,1.0,0.0,0.0,0.0,26.8,
Craig Reynolds,DET,RB,28,17,0.0,0.0,0.0,0.0,0.0,31.0,139.0,0.0,5.0,3.0,40.0,0.0,0.0,0.0,0.0,20.9,
Robert Woods,HOU,WR,32,15,0.0,0.0,0.0,0.0,0.0,0.0,0.0,0.0,30.0,20.0,203.0,0.0,1.0,0.0,0.0,38.3,
Jake Bobo,SEA,WR,26,17,0.0,0.0,0.0,0.0,0.0,0.0,0.0,0.0,17.0,13.0,107.0,1.0,0.0,0.0,0.0,29.7,
Jamison Crowder,WAS,WR,31,6,0.0,0.0,0.0,0.0,0.0,0.0,0.0,0.0,13.0,9.0,72.0,2.0,1.0,0.0,0.0,26.2,
Ashton Dulin,IND,WR,27,15,0.0,0.0,0.0,0.0,0.0,5.0,45.0,0.0,8.0,2.0,67.0,1.0,0.0,0.0,0.0,19.2,
Luke McCaffrey,WAS,WR,23,17,0.0,0.0,0.0,0.0,0.0,0.0,0.0,0.0,24.0,18.0,168.0,0.0,0.0,0.0,0.0,34.8,
Andrew Ogletree,IND,TE,26,17,0.0,0.0,0.0,0.0,0.0,0.0,0.0,0.0,14.0,9.0,109.0,1.0,0.0,0.0,0.0,25.9,
Drew Sample,CIN,TE,28,17,0.0,0.0,0.0,0.0,0.0,1.0,-4.0,0.0,22.0,20.0,109.0,1.0,0.0,0.0,0.0,36.5,
Carson Steele,KAN,RB,22,17,0.0,0.0,0.0,0.0,0.0,56.0,183.0,0.0,11.0,7.0,26.0,0.0,2.0,0.0,0.0,23.9,
Erick All,CIN,TE,24,9,0.0,0.0,0.0,0.0,0.0,0.0,0.0,0.0,22.0,20.0,158.0,0.0,0.0,0.0,0.0,35.8,
Kevin Austin,NOR,WR,24,8,0.0,0.0,0.0,0.0,0.0,1.0,9.0,0.0,22.0,11.0,151.0,0.0,0.0,0.0,0.0,27.0,
Michael Mayer,LVR,TE,23,11,0.0,0.0,0.0,0.0,0.0,0.0,0.0,0.0,32.0,21.0,156.0,0.0,0.0,0.0,0.0,36.6,
Eric Saubert,SFO,TE,30,17,0.0,0.0,0.0,0.0,0.0,0.0,0.0,0.0,14.0,11.0,97.0,1.0,0.0,0.0,0.0,26.7,
Dorian Thompson-Robinson,CLE,QB,25,7,61.0,118.0,440.0,0.0,6.0,21.0,122.0,0.0,0.0,0.0,0.0,0.0,1.0,0.0,0.0,15.8,
Alec Ingold,MIA,FB,28,15,0.0,0.0,0.0,0.0,0.0,10.0,17.0,1.0,12.0,11.0,96.0,0.0,1.0,0.0,0.0,26.3,
Lucas Krull,DEN,TE,26,13,0.0,0.0,0.0,0.0,0.0,0.0,0.0,0.0,23.0,19.0,152.0,0.0,0.0,0.0,0.0,34.2,
Hunter Luepke,DAL,RB,24,16,0.0,0.0,0.0,0.0,0.0,12.0,38.0,0.0,16.0,12.0,111.0,0.0,0.0,0.0,0.0,26.9,
Bo Melton,GNB,WR,25,17,0.0,0.0,0.0,0.0,0.0,8.0,54.0,0.0,17.0,8.0,91.0,0.0,0.0,0.0,0.0,22.5,
Jonathan Mingo,2TM,WR,23,17,0.0,0.0,0.0,0.0,0.0,2.0,5.0,0.0,42.0,17.0,167.0,0.0,1.0,0.0,0.0,32.2,
Mitchell Trubisky,BUF,QB,30,9,19.0,26.0,179.0,2.0,0.0,17.0,1.0,0.0,0.0,0.0,0.0,0.0,0.0,0.0,0.0,15.3,
Tim Boyle,2TM,QB,30,3,27.0,50.0,276.0,1.0,1.0,3.0,9.0,0.0,0.0,0.0,0.0,0.0,0.0,0.0,0.0,13.9,
Jordan Mims,NOR,RB,25,11,0.0,0.0,0.0,0.0,0.0,20.0,70.0,0.0,18.0,12.0,71.0,0.0,0.0,0.0,0.0,26.1,
Patrick Ricard,BAL,FB,30,17,0.0,0.0,0.0,0.0,0.0,0.0,0.0,0.0,5.0,3.0,22.0,1.0,0.0,0.0,0.0,17.2,
Trent Sherfield,MIN,WR,28,17,0.0,0.0,0.0,0.0,0.0,0.0,0.0,0.0,9.0,8.0,83.0,1.0,0.0,0.0,0.0,22.3,
Daniel Bellinger,NYG,TE,24,17,0.0,0.0,0.0,0.0,0.0,0.0,0.0,0.0,17.0,14.0,125.0,0.0,0.0,0.0,0.0,26.5,
Tommy DeVito,NYG,QB,26,3,31.0,44.0,257.0,0.0,0.0,8.0,32.0,0.0,0.0,0.0,0.0,0.0,0.0,0.0,0.0,13.5,
Jake Haener,NOR,QB,25,8,18.0,39.0,226.0,1.0,1.0,11.0,22.0,0.0,0.0,0.0,0.0,0.0,0.0,0.0,0.0,13.2,
Trey Lance,DAL,QB,24,4,25.0,41.0,266.0,0.0,1.0,11.0,41.0,0.0,0.0,0.0,0.0,0.0,0.0,0.0,0.0,12.7,
Ronnie Rivers,LAR,RB,25,17,0.0,0.0,0.0,0.0,0.0,22.0,99.0,0.0,6.0,5.0,34.0,0.0,0.0,0.0,0.0,18.3,
Tyrell Shavers,BUF,WR,25,3,0.0,0.0,0.0,0.0,0.0,0.0,0.0,0.0,1.0,1.0,69.0,1.0,0.0,0.0,0.0,13.9,
Xavier Hutchinson,HOU,WR,24,16,0.0,0.0,0.0,0.0,0.0,0.0,0.0,0.0,26.0,12.0,117.0,0.0,0.0,0.0,0.0,23.7,
Rakim Jarrett,TAM,WR,23,10,0.0,0.0,0.0,0.0,0.0,0.0,0.0,0.0,11.0,9.0,124.0,0.0,0.0,0.0,0.0,21.4,
Tony Jones,ARI,RB,27,1,0.0,0.0,0.0,0.0,0.0,4.0,55.0,1.0,0.0,0.0,0.0,0.0,0.0,0.0,0.0,11.5,
K.J. Osborn,2TM,WR,27,8,0.0,0.0,0.0,0.0,0.0,0.0,0.0,0.0,18.0,7.0,57.0,1.0,0.0,0.0,0.0,18.7,
Will Shipley,PHI,RB,22,16,0.0,0.0,0.0,0.0,0.0,30.0,82.0,0.0,4.0,4.0,35.0,0.0,0.0,0.0,0.0,15.7,
Jermaine Burton,CIN,WR,23,14,0.0,0.0,0.0,0.0,0.0,0.0,0.0,0.0,14.0,4.0,107.0,0.0,0.0,0.0,0.0,14.7,
Julius Chestnut,TEN,RB,24,17,0.0,0.0,0.0,0.0,0.0,22.0,102.0,0.0,3.0,2.0,11.0,0.0,0.0,0.0,0.0,13.3,
Simi Fehoko,LAC,WR,27,8,0.0,0.0,0.0,0.0,0.0,0.0,0.0,0.0,16.0,6.0,106.0,0.0,0.0,0.0,0.0,16.6,
Tay Martin,TEN,WR,27,1,0.0,0.0,0.0,0.0,0.0,0.0,0.0,0.0,2.0,1.0,49.0,1.0,0.0,0.0,0.0,11.9,
Jeremy Ruckert,NYJ,TE,24,17,0.0,0.0,0.0,0.0,0.0,0.0,0.0,0.0,28.0,18.0,105.0,0.0,0.0,0.0,0.0,28.5,
Ainias Smith,PHI,WR,23,7,0.0,0.0,0.0,0.0,0.0,2.0,6.0,0.0,9.0,7.0,41.0,1.0,0.0,0.0,0.0,17.7,
Blake Whiteheart,CLE,TE,24,11,0.0,0.0,0.0,0.0,0.0,0.0,0.0,0.0,9.0,6.0,51.0,1.0,0.0,0.0,0.0,17.1,
Kenny Yeboah,NYJ,TE,26,9,0.0,0.0,0.0,0.0,0.0,0.0,0.0,0.0,8.0,5.0,47.0,1.0,0.0,0.0,0.0,15.7,
Connor Heyward,PIT,TE,25,17,0.0,0.0,0.0,0.0,0.0,0.0,0.0,0.0,8.0,6.0,40.0,1.0,0.0,0.0,0.0,16.0,
Julian Hill,MIA,TE,24,16,0.0,0.0,0.0,0.0,0.0,0.0,0.0,0.0,19.0,12.0,100.0,0.0,0.0,0.0,0.0,22.0,
Davis Mills,HOU,QB,26,4,20.0,36.0,212.0,0.0,0.0,3.0,11.0,0.0,0.0,0.0,0.0,0.0,0.0,0.0,0.0,9.6,
Quintin Morris,BUF,TE,25,16,0.0,0.0,0.0,0.0,0.0,0.0,0.0,0.0,8.0,5.0,36.0,1.0,0.0,0.0,0.0,14.6,
Bryce Oliver,TEN,WR,24,10,0.0,0.0,0.0,0.0,0.0,0.0,0.0,0.0,9.0,6.0,95.0,0.0,0.0,0.0,0.0,15.5,
MyCole Pruitt,PIT,TE,32,12,0.0,0.0,0.0,0.0,0.0,0.0,0.0,0.0,10.0,6.0,40.0,1.0,0.0,0.0,0.0,16.0,
Mason Tipton,NOR,WR,24,11,0.0,0.0,0.0,0.0,0.0,0.0,0.0,0.0,26.0,14.0,99.0,0.0,0.0,0.0,0.0,23.9,
Johnny Wilson,PHI,WR,23,16,0.0,0.0,0.0,0.0,0.0,0.0,0.0,0.0,15.0,5.0,38.0,1.0,0.0,0.0,0.0,14.8,
Marquise Brown,KAN,WR,27,2,0.0,0.0,0.0,0.0,0.0,0.0,0.0,0.0,15.0,9.0,91.0,0.0,0.0,0.0,0.0,18.1,
Harrison Bryant,LVR,TE,26,13,0.0,0.0,0.0,0.0,0.0,0.0,0.0,0.0,12.0,9.0,86.0,0.0,0.0,0.0,0.0,17.6,
Parris Campbell,PHI,WR,27,5,0.0,0.0,0.0,0.0,0.0,0.0,0.0,0.0,8.0,6.0,30.0,1.0,0.0,0.0,0.0,15.0,
DJ Chark,LAC,WR,28,7,0.0,0.0,0.0,0.0,0.0,0.0,0.0,0.0,10.0,4.0,31.0,1.0,0.0,0.0,0.0,13.1,
Devin Culp,TAM,TE,24,5,0.0,0.0,0.0,0.0,0.0,0.0,0.0,0.0,6.0,5.0,88.0,0.0,0.0,0.0,0.0,13.8,
C.J. Ham,MIN,FB,31,17,0.0,0.0,0.0,0.0,0.0,2.0,10.0,1.0,6.0,5.0,35.0,0.0,1.0,0.0,0.0,13.5,
Chris Manhertz,NYG,TE,32,17,0.0,0.0,0.0,0.0,0.0,0.0,0.0,0.0,4.0,3.0,30.0,1.0,0.0,0.0,0.0,12.0,
Ben Sinnott,WAS,TE,22,17,0.0,0.0,0.0,0.0,0.0,0.0,0.0,0.0,5.0,5.0,28.0,1.0,0.0,0.0,0.0,13.8,
Brevyn Spann-Ford,DAL,TE,25,17,0.0,0.0,0.0,0.0,0.0,0.0,0.0,0.0,14.0,9.0,88.0,0.0,0.0,0.0,0.0,17.8,
Deuce Vaughn,DAL,RB,23,7,0.0,0.0,0.0,0.0,0.0,17.0,70.0,0.0,5.0,3.0,18.0,0.0,0.0,0.0,0.0,11.8,
Raheem Blackshear,CAR,RB,25,16,0.0,0.0,0.0,0.0,0.0,15.0,80.0,0.0,0.0,0.0,0.0,0.0,0.0,0.0,0.0,8.0,
Chris Conley,SFO,WR,32,15,0.0,0.0,0.0,0.0,0.0,0.0,0.0,0.0,12.0,6.0,76.0,0.0,0.0,0.0,0.0,13.6,
Devin Duvernay,JAX,WR,27,13,0.0,0.0,0.0,0.0,0.0,4.0,3.0,0.0,16.0,11.0,79.0,0.0,0.0,0.0,0.0,19.2,
Ryan Flournoy,DAL,WR,25,11,0.0,0.0,0.0,0.0,0.0,0.0,0.0,0.0,14.0,10.0,102.0,0.0,1.0,0.0,0.0,18.2,
Xavier Gipson,NYJ,WR,23,17,0.0,0.0,0.0,0.0,0.0,1.0,5.0,0.0,10.0,6.0,39.0,1.0,1.0,0.0,0.0,14.4,
Zay Jones,ARI,WR,29,11,0.0,0.0,0.0,0.0,0.0,0.0,0.0,0.0,11.0,8.0,84.0,0.0,0.0,0.0,0.0,16.4,
Jalen Reagor,LAC,WR,25,8,0.0,0.0,0.0,0.0,0.0,3.0,-3.0,0.0,12.0,7.0,100.0,0.0,1.0,0.0,0.0,14.7,
Skylar Thompson,MIA,QB,27,3,21.0,33.0,187.0,0.0,0.0,1.0,4.0,0.0,0.0,0.0,0.0,0.0,0.0,0.0,0.0,7.9,
Devontez Walker,BAL,WR,23,9,0.0,0.0,0.0,0.0,0.0,0.0,0.0,0.0,3.0,1.0,21.0,1.0,0.0,0.0,0.0,9.1,
Kristian Wilkerson,LVR,WR,27,3,0.0,0.0,0.0,0.0,0.0,0.0,0.0,0.0,3.0,2.0,18.0,1.0,0.0,0.0,0.0,9.8,
Jeff Wilson,MIA,RB,29,9,0.0,0.0,0.0,0.0,0.0,16.0,57.0,0.0,3.0,3.0,19.0,0.0,0.0,0.0,0.0,10.6,
Jacob Cowing,SFO,WR,23,15,0.0,0.0,0.0,0.0,0.0,1.0,7.0,0.0,6.0,4.0,80.0,0.0,1.0,0.0,0.0,10.7,
River Cracraft,MIA,WR,30,8,0.0,0.0,0.0,0.0,0.0,0.0,0.0,0.0,9.0,7.0,66.0,0.0,0.0,0.0,0.0,13.6,
Clyde Edwards-Helaire,NOR,RB,25,2,0.0,0.0,0.0,0.0,0.0,13.0,46.0,0.0,5.0,3.0,24.0,0.0,0.0,0.0,0.0,10.0,
Luke Farrell,JAX,TE,27,17,0.0,0.0,0.0,0.0,0.0,0.0,0.0,0.0,17.0,12.0,67.0,0.0,0.0,0.0,0.0,18.7,
Eric Gray,NYG,RB,25,17,0.0,0.0,0.0,0.0,0.0,14.0,31.0,0.0,11.0,10.0,82.0,0.0,2.0,0.0,0.0,17.3,
Hayden Hurst,LAC,TE,31,9,0.0,0.0,0.0,0.0,0.0,0.0,0.0,0.0,13.0,8.0,73.0,0.0,0.0,0.0,0.0,15.3,
E.J. Jenkins,PHI,TE,26,8,0.0,0.0,0.0,0.0,0.0,0.0,0.0,0.0,2.0,1.0,7.0,1.0,0.0,0.0,0.0,7.7,
Scott Miller,PIT,WR,27,13,0.0,0.0,0.0,0.0,0.0,0.0,0.0,0.0,9.0,5.0,69.0,0.0,0.0,0.0,0.0,11.9,
Brandon Powell,MIN,WR,29,17,0.0,0.0,0.0,0.0,0.0,0.0,0.0,0.0,10.0,7.0,71.0,0.0,0.0,0.0,0.0,14.1,
Ben Skowronek,PIT,WR,27,10,0.0,0.0,0.0,0.0,0.0,0.0,0.0,0.0,5.0,5.0,69.0,0.0,0.0,0.0,0.0,11.9,
Michael Woods II,CLE,WR,24,5,0.0,0.0,0.0,0.0,0.0,0.0,0.0,0.0,17.0,7.0,65.0,0.0,0.0,0.0,0.0,13.5,
Bailey Zappe,CLE,QB,25,1,16.0,31.0,170.0,1.0,2.0,2.0,2.0,0.0,0.0,0.0,0.0,0.0,0.0,0.0,0.0,7.0,
Brandon Allen,SFO,QB,32,3,17.0,30.0,199.0,1.0,2.0,3.0,4.0,0.0,0.0,0.0,0.0,0.0,1.0,0.0,0.0,6.4,
Tyler Badie,DEN,RB,24,3,0.0,0.0,0.0,0.0,0.0,11.0,86.0,0.0,3.0,3.0,-2.0,0.0,1.0,0.0,0.0,9.4,
John Bates,WAS,TE,27,17,0.0,0.0,0.0,0.0,0.0,0.0,0.0,0.0,13.0,8.0,84.0,0.0,1.0,0.0,0.0,14.4,
Odell Beckham Jr.,MIA,WR,32,9,0.0,0.0,0.0,0.0,0.0,0.0,0.0,0.0,18.0,9.0,55.0,0.0,0.0,0.0,0.0,14.5,
Jalin Hyatt,NYG,WR,23,16,0.0,0.0,0.0,0.0,0.0,0.0,0.0,0.0,19.0,8.0,62.0,0.0,0.0,0.0,0.0,14.2,
Hunter Long,LAR,TE,26,17,0.0,0.0,0.0,0.0,0.0,0.0,0.0,0.0,9.0,7.0,60.0,0.0,0.0,0.0,0.0,13.0,
Keaton Mitchell,BAL,RB,22,5,0.0,0.0,0.0,0.0,0.0,15.0,30.0,0.0,1.0,1.0,28.0,0.0,0.0,0.0,0.0,6.8,
Kene Nwangwu,NYJ,RB,26,2,0.0,0.0,0.0,0.0,0.0,0.0,0.0,0.0,0.0,0.0,0.0,0.0,0.0,0.0,0.0,6.0,
Laviska Shenault Jr.,2TM,WR,26,12,0.0,0.0,0.0,0.0,0.0,1.0,1.0,0.0,5.0,5.0,36.0,0.0,2.0,0.0,0.0,10.7,
Ihmir Smith-Marsette,NYG,WR,25,15,0.0,0.0,0.0,0.0,0.0,0.0,0.0,0.0,0.0,0.0,0.0,0.0,0.0,0.0,0.0,6.0,
Mike Boone,CAR,RB,29,6,0.0,0.0,0.0,0.0,0.0,13.0,51.0,0.0,3.0,1.0,-2.0,0.0,0.0,0.0,0.0,5.9,
Jonathon Brooks,CAR,RB,21,3,0.0,0.0,0.0,0.0,0.0,9.0,22.0,0.0,3.0,3.0,23.0,0.0,0.0,0.0,0.0,7.5,
Pharaoh Brown,SEA,TE,30,15,0.0,0.0,0.0,0.0,0.0,0.0,0.0,0.0,12.0,8.0,65.0,0.0,1.0,0.0,0.0,12.5,
DeAndre Carter,CHI,WR,31,13,0.0,0.0,0.0,0.0,0.0,0.0,0.0,0.0,14.0,9.0,72.0,0.0,1.0,0.0,0.0,14.2,
Peyton Hendershot,KAN,TE,25,7,0.0,0.0,0.0,0.0,0.0,0.0,0.0,0.0,5.0,5.0,51.0,0.0,0.0,0.0,0.0,10.1,
Charlie Jones,CIN,WR,26,8,0.0,0.0,0.0,0.0,0.0,0.0,0.0,0.0,1.0,1.0,5.0,0.0,1.0,0.0,0.0,5.5,
Luke Musgrave,GNB,TE,24,7,0.0,0.0,0.0,0.0,0.0,0.0,0.0,0.0,10.0,7.0,45.0,0.0,0.0,0.0,0.0,11.5,
Nikko Remigio,KAN,WR,25,5,0.0,0.0,0.0,0.0,0.0,0.0,0.0,0.0,6.0,2.0,48.0,0.0,0.0,0.0,0.0,6.8,
Durham Smythe,MIA,TE,29,17,0.0,0.0,0.0,0.0,0.0,0.0,0.0,0.0,17.0,9.0,53.0,0.0,0.0,0.0,0.0,14.3,
Tyquan Thornton,NWE,WR,24,6,0.0,0.0,0.0,0.0,0.0,0.0,0.0,0.0,8.0,4.0,47.0,0.0,0.0,0.0,0.0,8.7,
Sione Vaki,DET,RB,23,16,0.0,0.0,0.0,0.0,0.0,6.0,14.0,0.0,3.0,3.0,37.0,0.0,0.0,0.0,0.0,8.1,
Carson Wentz,KAN,QB,32,3,12.0,19.0,118.0,0.0,0.0,3.0,0.0,0.0,0.0,0.0,0.0,0.0,0.0,0.0,0.0,4.7,
Charlie Woerner,ATL,TE,27,16,0.0,0.0,0.0,0.0,0.0,0.0,0.0,0.0,12.0,7.0,46.0,0.0,0.0,0.0,0.0,11.6,
Davis Allen,LAR,TE,23,15,0.0,0.0,0.0,0.0,0.0,0.0,0.0,0.0,13.0,6.0,39.0,0.0,0.0,0.0,0.0,9.9,
Treylon Burks,TEN,WR,24,5,0.0,0.0,0.0,0.0,0.0,2.0,1.0,0.0,8.0,4.0,34.0,0.0,0.0,0.0,0.0,7.5,
Dan Chisena,CAR,WR,27,6,0.0,0.0,0.0,0.0,0.0,0.0,0.0,0.0,4.0,3.0,37.0,0.0,0.0,0.0,0.0,6.7,
D'Wayne Eskridge,MIA,WR,27,6,0.0,0.0,0.0,0.0,0.0,0.0,0.0,0.0,3.0,3.0,44.0,0.0,0.0,0.0,0.0,7.4,
Gerald Everett,CHI,TE,30,17,0.0,0.0,0.0,0.0,0.0,0.0,0.0,0.0,13.0,8.0,36.0,0.0,0.0,0.0,0.0,11.6,
Tucker Fisk,LAC,TE,25,9,0.0,0.0,0.0,0.0,0.0,0.0,0.0,0.0,8.0,7.0,39.0,0.0,0.0,0.0,0.0,10.9,
Tim Jones,JAX,WR,26,17,0.0,0.0,0.0,0.0,0.0,0.0,0.0,0.0,5.0,3.0,41.0,0.0,0.0,0.0,0.0,7.1,
Jacob Kibodi,CLE,RB,26,1,0.0,0.0,0.0,0.0,0.0,5.0,24.0,0.0,3.0,1.0,15.0,0.0,0.0,0.0,0.0,4.9,
Terrace Marshall Jr.,LVR,WR,24,7,0.0,0.0,0.0,0.0,0.0,0.0,0.0,0.0,6.0,3.0,41.0,0.0,0.0,0.0,0.0,7.1,
Tip Reiman,ARI,TE,23,17,0.0,0.0,0.0,0.0,0.0,0.0,0.0,0.0,7.0,6.0,37.0,0.0,0.0,0.0,0.0,9.7,
Ben Sims,GNB,TE,24,17,0.0,0.0,0.0,0.0,0.0,0.0,0.0,0.0,5.0,4.0,42.0,0.0,0.0,0.0,0.0,8.2,
Xavier Smith,LAR,WR,27,15,0.0,0.0,0.0,0.0,0.0,4.0,36.0,0.0,2.0,2.0,6.0,0.0,0.0,0.0,0.0,6.2,
J.J. Taylor,HOU,RB,26,5,0.0,0.0,0.0,0.0,0.0,10.0,44.0,0.0,3.0,2.0,0.0,0.0,0.0,0.0,0.0,6.4,
Cody White,SEA,WR,26,4,0.0,0.0,0.0,0.0,0.0,0.0,0.0,0.0,3.0,2.0,44.0,0.0,0.0,0.0,0.0,6.4,
Rasheen Ali,BAL,RB,23,6,0.0,0.0,0.0,0.0,0.0,10.0,31.0,0.0,2.0,0.0,0.0,0.0,0.0,0.0,0.0,3.1,
Alex Bachman,LVR,WR,28,6,0.0,0.0,0.0,0.0,0.0,0.0,0.0,0.0,3.0,3.0,31.0,0.0,0.0,0.0,0.0,6.1,
David Bell,CLE,WR,24,1,0.0,0.0,0.0,0.0,0.0,0.0,0.0,0.0,3.0,3.0,27.0,0.0,0.0,0.0,0.0,5.7,
Dalvin Cook,DAL,RB,29,2,0.0,0.0,0.0,0.0,0.0,8.0,20.0,0.0,1.0,1.0,10.0,0.0,0.0,0.0,0.0,4.0,
Britain Covey,PHI,WR,27,5,0.0,0.0,0.0,0.0,0.0,0.0,0.0,0.0,8.0,7.0,34.0,0.0,0.0,0.0,0.0,10.4,
Greg Dulcich,2TM,TE,24,9,0.0,0.0,0.0,0.0,0.0,0.0,0.0,0.0,12.0,5.0,28.0,0.0,0.0,0.0,0.0,7.8,
Cam Grandy,CIN,TE,24,8,0.0,0.0,0.0,0.0,0.0,0.0,0.0,0.0,5.0,5.0,28.0,0.0,0.0,0.0,0.0,7.8,
Taylor Heinicke,LAC,QB,31,4,3.0,5.0,28.0,0.0,0.0,2.0,20.0,0.0,0.0,0.0,0.0,0.0,0.0,0.0,0.0,3.1,
Travis Homer,CHI,RB,26,10,0.0,0.0,0.0,0.0,0.0,6.0,23.0,0.0,3.0,3.0,11.0,0.0,0.0,0.0,0.0,6.4,
Hendon Hooker,DET,QB,26,3,6.0,9.0,62.0,0.0,0.0,5.0,2.0,0.0,0.0,0.0,0.0,0.0,0.0,0.0,0.0,2.7,
Jermar Jefferson,DET,RB,24,2,0.0,0.0,0.0,0.0,0.0,6.0,22.0,0.0,1.0,1.0,10.0,0.0,0.0,0.0,0.0,4.2,
Terrell Jennings,NWE,RB,23,3,0.0,0.0,0.0,0.0,0.0,13.0,33.0,0.0,1.0,0.0,0.0,0.0,0.0,0.0,0.0,3.3,
Will Mallory,IND,TE,25,10,0.0,0.0,0.0,0.0,0.0,0.0,0.0,0.0,8.0,4.0,29.0,0.0,0.0,0.0,0.0,6.9,
Jase McClellan,ATL,RB,22,2,0.0,0.0,0.0,0.0,0.0,13.0,32.0,0.0,0.0,0.0,0.0,0.0,0.0,0.0,0.0,3.2,
Allen Robinson,DET,WR,31,12,0.0,0.0,0.0,0.0,0.0,0.0,0.0,0.0,7.0,3.0,30.0,0.0,0.0,0.0,0.0,6.0,
Deven Thompkins,CAR,WR,25,7,0.0,0.0,0.0,0.0,0.0,2.0,7.0,0.0,4.0,4.0,20.0,0.0,0.0,0.0,0.0,6.7,
Jaheim Bell,NWE,TE,23,15,0.0,0.0,0.0,0.0,0.0,0.0,0.0,0.0,3.0,2.0,20.0,0.0,0.0,0.0,0.0,4.0,
Ronnie Bell,SFO,WR,24,9,0.0,0.0,0.0,0.0,0.0,0.0,0.0,0.0,6.0,2.0,22.0,0.0,0.0,0.0,0.0,4.2,
Chris Blair,ATL,WR,27,4,0.0,0.0,0.0,0.0,0.0,0.0,0.0,0.0,2.0,1.0,17.0,0.0,0.0,0.0,0.0,2.7,
Tanner Conner,MIA,TE,26,8,0.0,0.0,0.0,0.0,0.0,0.0,0.0,0.0,4.0,3.0,16.0,0.0,0.0,0.0,0.0,4.6,
Malachi Corley,NYJ,WR,22,9,0.0,0.0,0.0,0.0,0.0,2.0,26.0,0.0,6.0,3.0,16.0,0.0,1.0,0.0,0.0,5.2,
Anthony Gould,IND,WR,23,8,0.0,0.0,0.0,0.0,0.0,0.0,0.0,0.0,1.0,1.0,23.0,0.0,0.0,0.0,0.0,3.3,
Dallin Holker,NOR,TE,24,12,0.0,0.0,0.0,0.0,0.0,0.0,0.0,0.0,4.0,3.0,21.0,0.0,0.0,0.0,0.0,5.1,
Trenton Irwin,CIN,WR,29,7,0.0,0.0,0.0,0.0,0.0,0.0,0.0,0.0,10.0,3.0,15.0,0.0,0.0,0.0,0.0,4.5,
Mason Kinsey,TEN,WR,26,6,0.0,0.0,0.0,0.0,0.0,0.0,0.0,0.0,2.0,2.0,17.0,0.0,0.0,0.0,0.0,3.7,
MarShawn Lloyd,GNB,RB,23,1,0.0,0.0,0.0,0.0,0.0,6.0,15.0,0.0,1.0,1.0,3.0,0.0,0.0,0.0,0.0,2.8,
Anthony Miller,BAL,WR,30,2,0.0,0.0,0.0,0.0,0.0,0.0,0.0,0.0,1.0,1.0,16.0,0.0,0.0,0.0,0.0,2.6,
Aaron Shampklin,PIT,RB,25,3,0.0,0.0,0.0,0.0,0.0,6.0,17.0,0.0,0.0,0.0,0.0,0.0,0.0,0.0,0.0,1.7,
Jamari Thrash,CLE,WR,24,9,0.0,0.0,0.0,0.0,0.0,0.0,0.0,0.0,7.0,3.0,22.0,0.0,0.0,0.0,0.0,5.2,
Austin Trammell,JAX,WR,26,1,0.0,0.0,0.0,0.0,0.0,0.0,0.0,0.0,3.0,2.0,40.0,0.0,1.0,0.0,0.0,4.0,
Jonathan Ward,PIT,RB,27,4,0.0,0.0,0.0,0.0,0.0,5.0,22.0,0.0,0.0,0.0,0.0,0.0,0.0,0.0,0.0,2.2,
Blake Watson,DEN,RB,25,2,0.0,0.0,0.0,0.0,0.0,4.0,10.0,0.0,2.0,1.0,13.0,0.0,0.0,0.0,0.0,3.3,
Shane Zylstra,DET,TE,28,12,0.0,0.0,0.0,0.0,0.0,0.0,0.0,0.0,1.0,1.0,22.0,0.0,0.0,0.0,0.0,3.2,
Kyle Allen,PIT,QB,28,1,1.0,1.0,19.0,0.0,0.0,0.0,0.0,0.0,0.0,0.0,0.0,0.0,0.0,0.0,0.0,0.8,
Robbie Chosen,MIA,WR,31,2,0.0,0.0,0.0,0.0,0.0,0.0,0.0,0.0,4.0,1.0,5.0,0.0,0.0,0.0,0.0,1.5,
Javon Baker,NWE,WR,22,11,0.0,0.0,0.0,0.0,0.0,0.0,0.0,0.0,4.0,1.0,12.0,0.0,0.0,0.0,0.0,2.2,
Chris Collier,2TM,RB,24,8,0.0,0.0,0.0,0.0,0.0,5.0,12.0,0.0,2.0,1.0,-4.0,0.0,0.0,0.0,0.0,1.8,
Jaelon Darden,2TM,WR,25,12,0.0,0.0,0.0,0.0,0.0,0.0,0.0,0.0,1.0,1.0,6.0,0.0,0.0,0.0,0.0,1.6,
Tyrion Davis-Price,PHI,RB,24,1,0.0,0.0,0.0,0.0,0.0,3.0,7.0,0.0,0.0,0.0,0.0,0.0,0.0,0.0,0.0,0.7,
Zach Davidson,BUF,TE,26,2,0.0,0.0,0.0,0.0,0.0,0.0,0.0,0.0,2.0,1.0,5.0,0.0,0.0,0.0,0.0,1.5,
Josiah Deguara,JAX,TE,27,15,0.0,0.0,0.0,0.0,0.0,0.0,0.0,0.0,3.0,3.0,14.0,0.0,0.0,0.0,0.0,4.4,
Grant Dubose,MIA,WR,23,3,0.0,0.0,0.0,0.0,0.0,0.0,0.0,0.0,4.0,2.0,11.0,0.0,0.0,0.0,0.0,3.1,
Ross Dwelley,ATL,TE,29,17,0.0,0.0,0.0,0.0,0.0,0.0,0.0,0.0,1.0,1.0,5.0,0.0,0.0,0.0,0.0,1.5,
Jody Fortson,KAN,TE,29,3,0.0,0.0,0.0,0.0,0.0,0.0,0.0,0.0,3.0,1.0,5.0,0.0,0.0,0.0,0.0,1.5,
Feleipe Franks,CAR,TE,27,16,0.0,0.0,0.0,0.0,0.0,0.0,0.0,0.0,3.0,1.0,12.0,0.0,0.0,0.0,0.0,2.2,
Myles Gaskin,MIN,RB,27,5,0.0,0.0,0.0,0.0,0.0,3.0,-1.0,0.0,1.0,1.0,11.0,0.0,0.0,0.0,0.0,2.0,
Reggie Gilliam,BUF,FB,27,15,0.0,0.0,0.0,0.0,0.0,3.0,7.0,0.0,0.0,0.0,0.0,0.0,0.0,0.0,0.0,0.7,
Isaiah Hodgins,NYG,WR,26,3,0.0,0.0,0.0,0.0,0.0,0.0,0.0,0.0,2.0,2.0,12.0,0.0,0.0,0.0,0.0,3.2,
George Holani,SEA,RB,25,5,0.0,0.0,0.0,0.0,0.0,3.0,10.0,0.0,1.0,1.0,-1.0,0.0,0.0,0.0,0.0,1.9,
Brandon Johnson,PIT,WR,26,3,0.0,0.0,0.0,0.0,0.0,0.0,0.0,0.0,1.0,1.0,9.0,0.0,0.0,0.0,0.0,1.9,
Collin Johnson,CHI,WR,27,9,0.0,0.0,0.0,0.0,0.0,0.0,0.0,0.0,2.0,1.0,6.0,0.0,0.0,0.0,0.0,1.6,
Josh Johnson,BAL,QB,38,6,2.0,3.0,17.0,0.0,0.0,4.0,1.0,0.0,0.0,0.0,0.0,0.0,0.0,0.0,0.0,0.8,
Kameron Johnson,TAM,WR,22,5,0.0,0.0,0.0,0.0,0.0,2.0,11.0,0.0,1.0,0.0,0.0,0.0,0.0,0.0,0.0,1.1,
Brevin Jordan,HOU,TE,24,2,0.0,0.0,0.0,0.0,0.0,0.0,0.0,0.0,3.0,2.0,7.0,0.0,0.0,0.0,0.0,2.7,
Ramel Keyton,LVR,WR,24,8,0.0,0.0,0.0,0.0,0.0,0.0,0.0,0.0,3.0,1.0,7.0,0.0,0.0,0.0,0.0,1.7,
David Martin-Robinson,TEN,TE,25,5,0.0,0.0,0.0,0.0,0.0,0.0,0.0,0.0,2.0,1.0,6.0,0.0,0.0,0.0,0.0,1.6,
Tyreik McAllister,LVR,WR,26,3,0.0,0.0,0.0,0.0,0.0,2.0,11.0,0.0,0.0,0.0,0.0,0.0,0.0,0.0,0.0,1.1,
Nick Mullens,MIN,QB,29,4,2.0,2.0,38.0,0.0,0.0,3.0,-2.0,0.0,0.0,0.0,0.0,0.0,0.0,0.0,0.0,1.3,
Chris Oladokun,KAN,QB,27,1,0.0,0.0,0.0,0.0,0.0,1.0,5.0,0.0,0.0,0.0,0.0,0.0,0.0,0.0,0.0,0.5,
Kendric Pryor,CIN,WR,26,1,0.0,0.0,0.0,0.0,0.0,0.0,0.0,0.0,1.0,1.0,9.0,0.0,0.0,0.0,0.0,1.9,
John Ross,PHI,WR,29,1,0.0,0.0,0.0,0.0,0.0,0.0,0.0,0.0,2.0,1.0,6.0,0.0,0.0,0.0,0.0,1.6,
Cody Schrader,LAR,RB,25,1,0.0,0.0,0.0,0.0,0.0,1.0,3.0,0.0,1.0,1.0,6.0,0.0,0.0,0.0,0.0,1.9,
Tyler Scott,CHI,WR,23,11,0.0,0.0,0.0,0.0,0.0,0.0,0.0,0.0,1.0,1.0,5.0,0.0,0.0,0.0,0.0,1.5,
John Samuel Shenker,LVR,TE,26,8,0.0,0.0,0.0,0.0,0.0,0.0,0.0,0.0,1.0,1.0,7.0,0.0,0.0,0.0,0.0,1.7,
Jarrett Stidham,DEN,QB,28,3,0.0,0.0,0.0,0.0,0.0,4.0,5.0,0.0,0.0,0.0,0.0,0.0,0.0,0.0,0.0,0.5,
Jack Stoll,2TM,TE,26,11,0.0,0.0,0.0,0.0,0.0,0.0,0.0,0.0,3.0,2.0,10.0,0.0,0.0,0.0,0.0,3.0,
Geoff Swaim,CLE,TE,31,8,0.0,0.0,0.0,0.0,0.0,0.0,0.0,0.0,1.0,1.0,7.0,0.0,0.0,0.0,0.0,1.7,
Trent Taylor,SFO,WR,30,2,0.0,0.0,0.0,0.0,0.0,0.0,0.0,0.0,1.0,1.0,11.0,0.0,0.0,0.0,0.0,2.1,
Ian Thomas,CAR,TE,28,5,0.0,0.0,0.0,0.0,0.0,0.0,0.0,0.0,6.0,3.0,7.0,0.0,0.0,0.0,0.0,3.7,
Eric Tomlinson,LAC,TE,32,9,0.0,0.0,0.0,0.0,0.0,0.0,0.0,0.0,4.0,2.0,9.0,0.0,0.0,0.0,0.0,2.9,
Casey Washington,ATL,WR,23,8,0.0,0.0,0.0,0.0,0.0,0.0,0.0,0.0,2.0,1.0,14.0,0.0,0.0,0.0,0.0,2.4,
Mike White,BUF,QB,29,1,3.0,11.0,28.0,0.0,0.0,0.0,0.0,0.0,0.0,0.0,0.0,0.0,0.0,0.0,0.0,1.1,
Jared Wiley,KAN,TE,24,7,0.0,0.0,0.0,0.0,0.0,0.0,0.0,0.0,1.0,1.0,7.0,0.0,0.0,0.0,0.0,1.7,
Isaiah Williams,2TM,WR,23,8,0.0,0.0,0.0,0.0,0.0,0.0,0.0,0.0,3.0,2.0,6.0,0.0,0.0,0.0,0.0,2.6,
Maurice Alexander,DET,WR,27,3,0.0,0.0,0.0,0.0,0.0,0.0,0.0,0.0,0.0,0.0,0.0,0.0,0.0,0.0,0.0,0.0,
Tyson Bagent,CHI,QB,24,4,2.0,2.0,11.0,0.0,0.0,6.0,-7.0,0.0,0.0,0.0,0.0,0.0,0.0,0.0,0.0,-0.3,
Brenden Bates,2TM,TE,25,7,0.0,0.0,0.0,0.0,0.0,0.0,0.0,0.0,1.0,0.0,0.0,0.0,0.0,0.0,0.0,0.0,
Andrew Beck,2TM,TE,28,4,0.0,0.0,0.0,0.0,0.0,0.0,0.0,0.0,2.0,0.0,0.0,0.0,0.0,0.0,0.0,0.0,
Braxton Berrios,MIA,WR,29,6,0.0,0.0,0.0,0.0,0.0,0.0,0.0,0.0,4.0,0.0,0.0,0.0,0.0,0.0,0.0,0.0,
Khari Blasingame,2TM,RB,28,5,0.0,0.0,0.0,0.0,0.0,0.0,0.0,0.0,0.0,0.0,0.0,0.0,0.0,0.0,0.0,0.0,
Gary Brightwell,CLE,RB,25,2,0.0,0.0,0.0,0.0,0.0,0.0,0.0,0.0,0.0,0.0,0.0,0.0,0.0,0.0,0.0,0.0,
British Brooks,HOU,RB,25,5,0.0,0.0,0.0,0.0,0.0,1.0,2.0,0.0,0.0,0.0,0.0,0.0,0.0,0.0,0.0,0.2,
Jake Browning,CIN,QB,28,3,0.0,0.0,0.0,0.0,0.0,2.0,-2.0,0.0,0.0,0.0,0.0,0.0,0.0,0.0,0.0,-0.2,
Marquez Callaway,TAM,WR,26,2,0.0,0.0,0.0,0.0,0.0,0.0,0.0,0.0,0.0,0.0,0.0,0.0,0.0,0.0,0.0,0.0,
Joshua Cephus,JAX,WR,23,1,0.0,0.0,0.0,0.0,0.0,0.0,0.0,0.0,0.0,0.0,0.0,0.0,0.0,0.0,0.0,0.0,
Irvin Charles,NYJ,WR,27,13,0.0,0.0,0.0,0.0,0.0,0.0,0.0,0.0,1.0,0.0,0.0,0.0,0.0,0.0,0.0,0.0,
Elijah Cooks,JAX,WR,26,2,0.0,0.0,0.0,0.0,0.0,0.0,0.0,0.0,0.0,0.0,0.0,0.0,0.0,0.0,0.0,0.0,
Baylor Cupp,KAN,TE,24,1,0.0,0.0,0.0,0.0,0.0,0.0,0.0,0.0,1.0,0.0,0.0,0.0,0.0,0.0,0.0,0.0,
Kaden Davis,CLE,WR,26,1,0.0,0.0,0.0,0.0,0.0,0.0,0.0,0.0,0.0,0.0,0.0,0.0,0.0,0.0,0.0,0.0,
Jeff Driskel,WAS,QB,31,1,0.0,0.0,0.0,0.0,0.0,0.0,0.0,0.0,0.0,0.0,0.0,0.0,0.0,0.0,0.0,0.0,
Alex Erickson,NWE,WR,32,3,0.0,0.0,0.0,0.0,0.0,0.0,0.0,0.0,0.0,0.0,0.0,0.0,0.0,0.0,0.0,0.0,
Darrynton Evans,CHI,RB,26,5,0.0,0.0,0.0,0.0,0.0,3.0,3.0,0.0,0.0,0.0,0.0,0.0,0.0,0.0,0.0,0.3,
Erik Ezukanma,MIA,WR,24,2,0.0,0.0,0.0,0.0,0.0,0.0,0.0,0.0,2.0,0.0,0.0,0.0,0.0,0.0,0.0,0.0,
Princeton Fant,DAL,TE,25,8,0.0,0.0,0.0,0.0,0.0,0.0,0.0,0.0,0.0,0.0,0.0,0.0,0.0,0.0,0.0,0.0,
Anthony Firkser,2TM,TE,29,7,0.0,0.0,0.0,0.0,0.0,0.0,0.0,0.0,0.0,0.0,0.0,0.0,0.0,0.0,0.0,0.0,
Dez Fitzpatrick,LAC,WR,27,1,0.0,0.0,0.0,0.0,0.0,0.0,0.0,0.0,0.0,0.0,0.0,0.0,0.0,0.0,0.0,0.0,
John FitzPatrick,GNB,TE,24,9,0.0,0.0,0.0,0.0,0.0,0.0,0.0,0.0,1.0,1.0,2.0,0.0,0.0,0.0,0.0,1.2,
Bryce Ford-Wheaton,NYG,WR,24,14,0.0,0.0,0.0,0.0,0.0,0.0,0.0,0.0,0.0,0.0,0.0,0.0,0.0,0.0,0.0,0.0,
Troy Hairston,HOU,FB,26,2,0.0,0.0,0.0,0.0,0.0,0.0,0.0,0.0,0.0,0.0,0.0,0.0,0.0,0.0,0.0,0.0,
Deonte Harty,BAL,WR,27,5,0.0,0.0,0.0,0.0,0.0,0.0,0.0,0.0,0.0,0.0,0.0,0.0,0.0,0.0,0.0,0.0,
Parker Hesse,DET,TE,29,5,0.0,0.0,0.0,0.0,0.0,0.0,0.0,0.0,0.0,0.0,0.0,0.0,0.0,0.0,0.0,0.0,
Evan Hull,IND,RB,24,1,0.0,0.0,0.0,0.0,0.0,0.0,0.0,0.0,0.0,0.0,0.0,0.0,0.0,0.0,0.0,0.0,
Keaontay Ingram,KAN,RB,25,1,0.0,0.0,0.0,0.0,0.0,0.0,0.0,0.0,0.0,0.0,0.0,0.0,0.0,0.0,0.0,0.0,
Jermaine Jackson,NOR,WR,24,4,0.0,0.0,0.0,0.0,0.0,1.0,-1.0,0.0,0.0,0.0,0.0,0.0,0.0,0.0,0.0,-0.1,
Trishton Jackson,MIN,WR,26,2,0.0,0.0,0.0,0.0,0.0,0.0,0.0,0.0,0.0,0.0,0.0,0.0,0.0,0.0,0.0,0.0,
Jaylen Johnson,LAC,WR,24,1,0.0,0.0,0.0,0.0,0.0,0.0,0.0,0.0,0.0,0.0,0.0,0.0,0.0,0.0,0.0,0.0,
Jakob Johnson,NYG,FB,30,3,0.0,0.0,0.0,0.0,0.0,0.0,0.0,0.0,0.0,0.0,0.0,0.0,0.0,0.0,0.0,0.0,
Velus Jones Jr.,2TM,WR,27,3,0.0,0.0,0.0,0.0,0.0,3.0,11.0,0.0,1.0,1.0,8.0,0.0,1.0,0.0,0.0,0.9,
Nikola Kalinic,LAR,TE,27,2,0.0,0.0,0.0,0.0,0.0,0.0,0.0,0.0,0.0,0.0,0.0,0.0,0.0,0.0,0.0,0.0,
John Kelly,BAL,RB,28,2,0.0,0.0,0.0,0.0,0.0,0.0,0.0,0.0,0.0,0.0,0.0,0.0,0.0,0.0,0.0,0.0,
Joshua Kelley,TEN,RB,27,3,0.0,0.0,0.0,0.0,0.0,1.0,2.0,0.0,0.0,0.0,0.0,0.0,0.0,0.0,0.0,0.2,
Tom Kennedy,DET,WR,28,4,0.0,0.0,0.0,0.0,0.0,0.0,0.0,0.0,1.0,0.0,0.0,0.0,0.0,0.0,0.0,0.0,
Ko Kieft,TAM,TE,26,17,0.0,0.0,0.0,0.0,0.0,0.0,0.0,0.0,0.0,0.0,0.0,0.0,0.0,0.0,0.0,0.0,
Zack Kuntz,NYJ,TE,25,1,0.0,0.0,0.0,0.0,0.0,0.0,0.0,0.0,0.0,0.0,0.0,0.0,0.0,0.0,0.0,0.0,
Marcedes Lewis,CHI,TE,40,17,0.0,0.0,0.0,0.0,0.0,0.0,0.0,0.0,2.0,1.0,2.0,0.0,0.0,0.0,0.0,1.2,
Tyler Mabry,SEA,TE,28,2,0.0,0.0,0.0,0.0,0.0,0.0,0.0,0.0,0.0,0.0,0.0,0.0,0.0,0.0,0.0,0.0,
Jordan Matthews,CAR,TE,32,4,0.0,0.0,0.0,0.0,0.0,0.0,0.0,0.0,1.0,0.0,0.0,0.0,0.0,0.0,0.0,0.0,
Tanner McLachlan,CIN,TE,25,2,0.0,0.0,0.0,0.0,0.0,0.0,0.0,0.0,0.0,0.0,0.0,0.0,0.0,0.0,0.0,0.0,
Dante Miller,NYG,RB,25,2,0.0,0.0,0.0,0.0,0.0,0.0,0.0,0.0,0.0,0.0,0.0,0.0,0.0,0.0,0.0,0.0,
Kendall Milton,CIN,RB,22,2,0.0,0.0,0.0,0.0,0.0,0.0,0.0,0.0,0.0,0.0,0.0,0.0,0.0,0.0,0.0,0.0,
James Mitchell,DET,TE,25,1,0.0,0.0,0.0,0.0,0.0,0.0,0.0,0.0,0.0,0.0,0.0,0.0,0.0,0.0,0.0,0.0,
Skyy Moore,KAN,WR,24,6,0.0,0.0,0.0,0.0,0.0,0.0,0.0,0.0,3.0,0.0,0.0,0.0,0.0,0.0,0.0,0.0,
Jalen Moreno-Cropper,DAL,WR,23,1,0.0,0.0,0.0,0.0,0.0,0.0,0.0,0.0,0.0,0.0,0.0,0.0,0.0,0.0,0.0,0.0,
Nick Muse,MIN,TE,26,4,0.0,0.0,0.0,0.0,0.0,0.0,0.0,0.0,0.0,0.0,0.0,0.0,0.0,0.0,0.0,0.0,
Thomas Odukoya,TEN,TE,27,2,0.0,0.0,0.0,0.0,0.0,0.0,0.0,0.0,0.0,0.0,0.0,0.0,0.0,0.0,0.0,0.0,
Zach Pascal,ARI,WR,30,17,0.0,0.0,0.0,0.0,0.0,0.0,0.0,0.0,0.0,0.0,0.0,0.0,0.0,0.0,0.0,0.0,
Jaret Patterson,LAC,RB,25,1,0.0,0.0,0.0,0.0,0.0,0.0,0.0,0.0,0.0,0.0,0.0,0.0,0.0,0.0,0.0,0.0,
Adam Prentice,NOR,FB,27,17,0.0,0.0,0.0,0.0,0.0,0.0,0.0,0.0,4.0,0.0,0.0,0.0,0.0,0.0,0.0,0.0,
James Proche,CLE,WR,28,9,0.0,0.0,0.0,0.0,0.0,0.0,0.0,0.0,3.0,3.0,21.0,0.0,1.0,0.0,0.0,3.1,
Teagan Quitoriano,HOU,TE,24,7,0.0,0.0,0.0,0.0,0.0,0.0,0.0,0.0,0.0,0.0,0.0,0.0,0.0,0.0,0.0,0.0,
Brenden Rice,LAC,WR,22,3,0.0,0.0,0.0,0.0,0.0,0.0,0.0,0.0,0.0,0.0,0.0,0.0,0.0,0.0,0.0,0.0,
Keilan Robinson,JAX,RB,24,6,0.0,0.0,0.0,0.0,0.0,0.0,0.0,0.0,0.0,0.0,0.0,0.0,0.0,0.0,0.0,0.0,
Justyn Ross,KAN,WR,25,2,0.0,0.0,0.0,0.0,0.0,0.0,0.0,0.0,1.0,0.0,0.0,0.0,0.0,0.0,0.0,0.0,
Brady Russell,SEA,TE,26,11,0.0,0.0,0.0,0.0,0.0,0.0,0.0,0.0,0.0,0.0,0.0,0.0,0.0,0.0,0.0,0.0,
Justin Shorter,LVR,TE,24,10,0.0,0.0,0.0,0.0,0.0,0.0,0.0,0.0,0.0,0.0,0.0,0.0,0.0,0.0,0.0,0.0,
Brandon Smith,NYJ,WR,26,1,0.0,0.0,0.0,0.0,0.0,0.0,0.0,0.0,0.0,0.0,0.0,0.0,0.0,0.0,0.0,0.0,
Irv Smith Jr.,HOU,TE,26,5,0.0,0.0,0.0,0.0,0.0,0.0,0.0,0.0,0.0,0.0,0.0,0.0,0.0,0.0,0.0,0.0,
Equanimeous St. Brown,NOR,WR,28,2,0.0,0.0,0.0,0.0,0.0,0.0,0.0,0.0,0.0,0.0,0.0,0.0,0.0,0.0,0.0,0.0,
Stephen Sullivan,CAR,TE,28,1,0.0,0.0,0.0,0.0,0.0,0.0,0.0,0.0,1.0,0.0,0.0,0.0,0.0,0.0,0.0,0.0,
Cody Thompson,TAM,WR,28,1,0.0,0.0,0.0,0.0,0.0,0.0,0.0,0.0,0.0,0.0,0.0,0.0,0.0,0.0,0.0,0.0,
Jake Tonges,SFO,TE,25,16,0.0,0.0,0.0,0.0,0.0,0.0,0.0,0.0,0.0,0.0,0.0,0.0,0.0,0.0,0.0,0.0,
Robert Tonyan,MIN,TE,30,5,0.0,0.0,0.0,0.0,0.0,0.0,0.0,0.0,0.0,0.0,0.0,0.0,0.0,0.0,0.0,0.0,
Kyle Trask,TAM,QB,26,4,1.0,1.0,5.0,0.0,0.0,5.0,-4.0,0.0,0.0,0.0,0.0,0.0,0.0,0.0,0.0,-0.2,
Laquon Treadwell,IND,WR,29,2,0.0,0.0,0.0,0.0,0.0,0.0,0.0,0.0,0.0,0.0,0.0,0.0,0.0,0.0,0.0,0.0,
Brycen Tremayne,WAS,WR,25,2,0.0,0.0,0.0,0.0,0.0,0.0,0.0,0.0,1.0,1.0,-2.0,0.0,0.0,0.0,0.0,0.8,
C.J. Uzomah,PHI,TE,31,7,0.0,0.0,0.0,0.0,0.0,0.0,0.0,0.0,0.0,0.0,0.0,0.0,0.0,0.0,0.0,0.0,
Ke'Shawn Vaughn,SFO,RB,27,3,0.0,0.0,0.0,0.0,0.0,2.0,4.0,0.0,0.0,0.0,0.0,0.0,0.0,0.0,0.0,0.4,
Jalen Virgil,BUF,WR,26,7,0.0,0.0,0.0,0.0,0.0,0.0,0.0,0.0,0.0,0.0,0.0,0.0,0.0,0.0,0.0,0.0,
Travis Vokolek,ARI,TE,26,1,0.0,0.0,0.0,0.0,0.0,0.0,0.0,0.0,0.0,0.0,0.0,0.0,0.0,0.0,0.0,0.0,
Carlos Washington,ATL,RB,26,1,0.0,0.0,0.0,0.0,0.0,0.0,0.0,0.0,0.0,0.0,0.0,0.0,0.0,0.0,0.0,0.0,
Montrell Washington,KAN,WR,25,1,0.0,0.0,0.0,0.0,0.0,0.0,0.0,0.0,0.0,0.0,0.0,0.0,0.0,0.0,0.0,0.0,
Jared Wayne,HOU,WR,24,3,0.0,0.0,0.0,0.0,0.0,0.0,0.0,0.0,0.0,0.0,0.0,0.0,0.0,0.0,0.0,0.0,
Xavier Weaver,ARI,WR,24,2,0.0,0.0,0.0,0.0,0.0,0.0,0.0,0.0,2.0,0.0,0.0,0.0,0.0,0.0,0.0,0.0,
Jack Westover,NWE,TE,25,3,0.0,0.0,0.0,0.0,0.0,0.0,0.0,0.0,0.0,0.0,0.0,0.0,0.0,0.0,0.0,0.0,
Mitchell Wilcox,NWE,TE,28,2,0.0,0.0,0.0,0.0,0.0,0.0,0.0,0.0,0.0,0.0,0.0,0.0,0.0,0.0,0.0,0.0,
Avery Williams,ATL,RB,26,17,0.0,0.0,0.0,0.0,0.0,0.0,0.0,0.0,0.0,0.0,0.0,0.0,0.0,0.0,0.0,0.0,
Brayden Willis,SFO,TE,25,10,0.0,0.0,0.0,0.0,0.0,0.0,0.0,0.0,2.0,0.0,0.0,0.0,0.0,0.0,0.0,0.0,
D.J. Williams,TAM,RB,24,1,0.0,0.0,0.0,0.0,0.0,0.0,0.0,0.0,0.0,0.0,0.0,0.0,0.0,0.0,0.0,0.0,
Rodney Williams,PIT,TE,26,6,0.0,0.0,0.0,0.0,0.0,0.0,0.0,0.0,0.0,0.0,0.0,0.0,0.0,0.0,0.0,0.0,
Trayveon Williams,CIN,RB,27,17,0.0,0.0,0.0,0.0,0.0,0.0,0.0,0.0,0.0,0.0,0.0,0.0,0.0,0.0,0.0,0.0,
Roman Wilson,PIT,WR,23,1,0.0,0.0,0.0,0.0,0.0,0.0,0.0,0.0,0.0,0.0,0.0,0.0,0.0,0.0,0.0,0.0,
Colson Yankoff,WAS,TE,24,6,0.0,0.0,0.0,0.0,0.0,0.0,0.0,0.0,0.0,0.0,0.0,0.0,0.0,0.0,0.0,0.0,
Dareke Young,SEA,WR,25,14,0.0,0.0,0.0,0.0,0.0,0.0,0.0,0.0,1.0,0.0,0.0,0.0,0.0,0.0,0.0,0.0,
Sam Howell,SEA,QB,24,2,5.0,14.0,24.0,0.0,1.0,1.0,2.0,0.0,0.0,0.0,0.0,0.0,0.0,0.0,0.0,-0.8,
Dylan Laube,LVR,RB,25,10,0.0,0.0,0.0,0.0,0.0,1.0,0.0,0.0,0.0,0.0,0.0,0.0,1.0,0.0,0.0,-2.0,
Steven Sims,2TM,WR,27,9,0.0,0.0,0.0,0.0,0.0,1.0,0.0,0.0,0.0,0.0,0.0,0.0,1.0,0.0,0.0,-2.0,
Kadarius Toney,CLE,WR,25,3,0.0,0.0,0.0,0.0,0.0,2.0,-4.0,0.0,1.0,0.0,0.0,0.0,1.0,0.0,0.0,-2.4,
Clayton Tune,ARI,QB,25,6,2.0,2.0,8.0,0.0,0.0,7.0,-4.0,0.0,0.0,0.0,0.0,0.0,1.0,0.0,0.0,-2.1,
Jha'Quan Jackson,TEN,WR,24,12,0.0,0.0,0.0,0.0,0.0,1.0,-5.0,0.0,3.0,1.0,8.0,0.0,2.0,0.0,0.0,-2.7,
