Draft_Year,Round,Pick,Team,Player_draft,Position,Age,College_draft,Conf,G,Cmp,Pass_Att,Pass_Yds,Pass_TD,Int,Rushing_Att,Rushing_Yds,Rushing_TD,Rec,Receiving_Yds,Receiving_TD
2020,1,1,CIN,Joe Burrow,QB,23.0,LSU,SEC,15.0,402.0,527.0,5671.0,60.0,6.0,115.0,368.0,5.0,1.0,16.0,0.0
2020,1,5,MIA,Tua Tagovailoa,QB,22.0,Alabama,SEC,9.0,180.0,252.0,2840.0,33.0,3.0,23.0,17.0,2.0,0.0,0.0,0.0
2020,1,6,LAC,Justin Herbert,QB,22.0,Oregon,Pac-12,14.0,286.0,428.0,3471.0,32.0,6.0,58.0,50.0,4.0,0.0,0.0,0.0
2020,1,12,LVR,Henry Ruggs III,WR,21.0,Alabama,SEC,12.0,0.0,0.0,0.0,0.0,0.0,2.0,75.0,1.0,40.0,746.0,7.0
2020,1,15,DEN,Jerry Jeudy,WR,21.0,Alabama,SEC,13.0,0.0,0.0,0.0,0.0,0.0,1.0,1.0,0.0,77.0,1163.0,10.0
2020,1,17,DAL,CeeDee Lamb,WR,21.0,Oklahoma,Big 12,13.0,0.0,0.0,0.0,0.0,0.0,9.0,20.0,1.0,62.0,1327.0,14.0
2020,1,21,PHI,Jalen Reagor,WR,21.0,TCU,Big 12,12.0,0.0,0.0,0.0,0.0,0.0,14.0,89.0,0.0,43.0,611.0,5.0
2020,1,22,MIN,Justin Jefferson,WR,21.0,LSU,SEC,15.0,0.0,0.0,0.0,0.0,0.0,0.0,0.0,0.0,111.0,1540.0,18.0
2020,1,25,SFO,Brandon Aiyuk,WR,22.0,Arizona State,Pac-12,12.0,0.0,0.0,0.0,0.0,0.0,1.0,6.0,0.0,65.0,1192.0,8.0
2020,1,26,GNB,Jordan Love,QB,21.0,Utah State,MWC,13.0,293.0,473.0,3402.0,20.0,17.0,81.0,175.0,0.0,0.0,0.0,0.0
2020,1,32,KAN,Clyde Edwards-Helaire,RB,21.0,LSU,SEC,15.0,0.0,0.0,0.0,0.0,0.0,215.0,1414.0,16.0,55.0,453.0,1.0
2020,2,33,CIN,Tee Higgins,WR,21.0,Clemson,ACC,15.0,0.0,0.0,0.0,0.0,0.0,1.0,36.0,1.0,59.0,1167.0,13.0
2020,2,34,IND,Michael Pittman Jr.,WR,22.0,USC,Pac-12,13.0,0.0,0.0,0.0,0.0,0.0,0.0,0.0,0.0,101.0,1275.0,11.0
2020,2,35,DET,D'Andre Swift,RB,21.0,Georgia,SEC,14.0,0.0,0.0,0.0,0.0,0.0,196.0,1218.0,7.0,24.0,216.0,1.0
2020,2,41,IND,Jonathan Taylor,RB,21.0,Wisconsin,Big Ten,14.0,0.0,0.0,0.0,0.0,0.0,320.0,2003.0,21.0,26.0,252.0,5.0
2020,2,42,JAX,Laviska Shenault Jr.,WR,21.0,Colorado,Pac-12,11.0,0.0,0.0,0.0,0.0,0.0,23.0,161.0,2.0,56.0,764.0,4.0
2020,2,43,CHI,Cole Kmet,TE,21.0,Notre Dame,Ind,11.0,0.0,0.0,0.0,0.0,0.0,0.0,0.0,0.0,43.0,515.0,6.0
2020,2,46,DEN,KJ Hamler,WR,21.0,Penn State,Big Ten,13.0,0.0,0.0,0.0,0.0,0.0,13.0,43.0,0.0,56.0,904.0,8.0
2020,2,49,PIT,Chase Claypool,WR,22.0,Notre Dame,Ind,13.0,0.0,0.0,0.0,0.0,0.0,0.0,0.0,0.0,66.0,1037.0,13.0
2020,2,52,LAR,Cam Akers,RB,21.0,Florida State,ACC,11.0,4.0,6.0,50.0,0.0,0.0,231.0,1144.0,14.0,30.0,225.0,4.0
2020,2,53,PHI,Jalen Hurts,QB,22.0,Oklahoma,Big 12,14.0,237.0,340.0,3851.0,32.0,8.0,233.0,1298.0,20.0,2.0,25.0,1.0
2020,2,55,BAL,J.K. Dobbins,RB,21.0,Ohio State,Big Ten,14.0,0.0,0.0,0.0,0.0,0.0,301.0,2003.0,21.0,23.0,247.0,2.0
2020,2,57,LAR,Van Jefferson,WR,24.0,Florida,SEC,13.0,0.0,0.0,0.0,0.0,0.0,1.0,7.0,0.0,49.0,657.0,6.0
2020,2,59,NYJ,Denzel Mims,WR,22.0,Baylor,Big 12,14.0,0.0,0.0,0.0,0.0,0.0,0.0,0.0,0.0,66.0,1020.0,12.0
2020,2,62,GNB,AJ Dillon,RB,22.0,Boston College,ACC,13.0,0.0,0.0,0.0,0.0,0.0,318.0,1685.0,14.0,13.0,195.0,1.0
2020,3,66,WAS,Antonio Gibson,RB,22.0,Memphis,American,14.0,0.0,0.0,0.0,0.0,0.0,33.0,369.0,4.0,38.0,735.0,8.0
2020,3,76,TAM,Ke'Shawn Vaughn,RB,23.0,Vanderbilt,SEC,12.0,0.0,0.0,0.0,0.0,0.0,198.0,1028.0,9.0,29.0,286.0,1.0
2020,3,80,LVR,Lynn Bowden Jr.,WR,22.0,Kentucky,SEC,13.0,35.0,74.0,403.0,3.0,3.0,185.0,1468.0,13.0,30.0,348.0,1.0
2020,3,81,LVR,Bryan Edwards,WR,21.0,South Carolina,SEC,10.0,0.0,0.0,0.0,0.0,0.0,2.0,22.0,0.0,71.0,816.0,6.0
2020,3,86,BUF,Zack Moss,RB,22.0,Utah,Pac-12,13.0,0.0,0.0,0.0,0.0,0.0,235.0,1416.0,15.0,28.0,388.0,2.0
2020,3,91,NWE,Devin Asiasi,TE,23.0,UCLA,Pac-12,12.0,0.0,0.0,0.0,0.0,0.0,0.0,0.0,0.0,44.0,641.0,4.0
2020,3,92,BAL,Devin Duvernay,WR,22.0,Texas,Big 12,13.0,2.0,2.0,14.0,0.0,0.0,10.0,24.0,1.0,106.0,1386.0,9.0
2020,3,93,TEN,Darrynton Evans,RB,22.0,Appalachian State,Sun Belt,14.0,1.0,1.0,14.0,0.0,0.0,255.0,1480.0,18.0,21.0,198.0,5.0
2020,3,94,GNB,Josiah Deguara,TE,23.0,Cincinnati,American,14.0,0.0,0.0,0.0,0.0,0.0,0.0,0.0,0.0,39.0,504.0,7.0
2020,3,101,NWE,Dalton Keene,TE,21.0,Virginia Tech,ACC,13.0,0.0,0.0,0.0,0.0,0.0,11.0,33.0,0.0,21.0,240.0,5.0
2020,4,112,LAC,Joshua Kelley,RB,22.0,UCLA,Pac-12,11.0,0.0,0.0,0.0,0.0,0.0,229.0,1060.0,12.0,11.0,71.0,1.0
2020,4,115,CLE,Harrison Bryant,TE,22.0,Florida Atlantic,CUSA,13.0,0.0,0.0,0.0,0.0,0.0,0.0,0.0,0.0,65.0,1004.0,7.0
2020,4,118,DEN,Albert Okwuegbunam,TE,22.0,Missouri,SEC,11.0,0.0,0.0,0.0,0.0,0.0,0.0,0.0,0.0,26.0,306.0,6.0
2020,4,120,NYJ,La'Mical Perine,RB,22.0,Florida,SEC,13.0,0.0,1.0,0.0,0.0,0.0,132.0,676.0,6.0,40.0,262.0,5.0
2020,4,122,IND,Jacob Eason,QB,22.0,Washington,Pac-12,13.0,260.0,405.0,3132.0,23.0,8.0,46.0,-69.0,1.0,0.0,0.0,0.0
2020,4,124,PIT,Anthony McFarland Jr.,RB,22.0,Maryland,Big Ten,11.0,0.0,0.0,0.0,0.0,0.0,114.0,614.0,8.0,17.0,126.0,1.0
2020,4,125,NYJ,James Morgan,QB,23.0,Florida International,CUSA,13.0,207.0,357.0,2560.0,14.0,5.0,32.0,-40.0,2.0,0.0,0.0,0.0
2020,4,128,BUF,Gabriel Davis,WR,21.0,UCF,American,12.0,0.0,0.0,0.0,0.0,0.0,0.0,0.0,0.0,72.0,1241.0,12.0
2020,4,133,SEA,Colby Parkinson,TE,21.0,Stanford,Pac-12,12.0,1.0,1.0,8.0,1.0,0.0,0.0,0.0,0.0,48.0,589.0,1.0
2020,4,136,LAR,Brycen Hopkins,TE,23.0,Purdue,Big Ten,12.0,0.0,0.0,0.0,0.0,0.0,0.0,0.0,0.0,61.0,830.0,7.0
2020,4,142,WAS,Antonio Gandy-Golden,WR,22.0,Liberty,Ind,13.0,0.0,0.0,0.0,0.0,0.0,0.0,0.0,0.0,79.0,1396.0,10.0
2020,4,144,SEA,DeeJay Dallas,RB,21.0,Miami (FL),ACC,10.0,0.0,0.0,0.0,0.0,0.0,115.0,693.0,8.0,14.0,140.0,2.0
2020,5,151,LAC,Joe Reed,WR,22.0,Virginia,ACC,13.0,0.0,0.0,0.0,0.0,0.0,8.0,42.0,0.0,77.0,679.0,7.0
2020,5,161,TAM,Tyler Johnson,WR,22.0,Minnesota,Big Ten,11.0,0.0,0.0,0.0,0.0,0.0,0.0,0.0,0.0,72.0,1107.0,10.0
2020,5,165,JAX,Collin Johnson,WR,22.0,Texas,Big 12,7.0,0.0,0.0,0.0,0.0,0.0,0.0,0.0,0.0,38.0,559.0,3.0
2020,5,166,DET,Quintez Cephus,WR,22.0,Wisconsin,Big Ten,14.0,0.0,0.0,0.0,0.0,0.0,0.0,0.0,0.0,59.0,901.0,7.0
2020,5,167,BUF,Jake Fromm,QB,22.0,Georgia,SEC,14.0,234.0,385.0,2860.0,24.0,5.0,38.0,-12.0,0.0,0.0,0.0,0.0
2020,5,168,PHI,John Hightower,WR,24.0,Boise State,MWC,14.0,1.0,2.0,4.0,0.0,0.0,16.0,154.0,0.0,51.0,943.0,8.0
2020,5,172,DET,Jason Huntley,RB,22.0,New Mexico State,Ind,12.0,0.0,0.0,0.0,0.0,0.0,154.0,1090.0,9.0,40.0,192.0,2.0
2020,5,173,CHI,Darnell Mooney,WR,22.0,Tulane,American,13.0,0.0,0.0,0.0,0.0,0.0,0.0,0.0,0.0,48.0,713.0,5.0
2020,5,176,MIN,K.J. Osborn,WR,23.0,Miami (FL),ACC,13.0,0.0,0.0,0.0,0.0,0.0,5.0,15.0,0.0,50.0,547.0,5.0
2020,6,187,CLE,Donovan Peoples-Jones,WR,21.0,Michigan,Big Ten,11.0,0.0,0.0,0.0,0.0,0.0,2.0,-7.0,0.0,34.0,438.0,6.0
2020,6,189,JAX,Jake Luton,QB,24.0,Oregon State,Pac-12,11.0,222.0,358.0,2714.0,28.0,3.0,44.0,-87.0,1.0,0.0,0.0,0.0
2020,6,190,SFO,Charlie Woerner,TE,22.0,Georgia,SEC,14.0,0.0,0.0,0.0,0.0,0.0,0.0,0.0,0.0,9.0,78.0,1.0
2020,6,200,PHI,Quez Watkins,WR,22.0,Southern Mississippi,CUSA,12.0,0.0,0.0,0.0,0.0,0.0,1.0,1.0,0.0,64.0,1178.0,6.0
2020,6,201,BAL,James Proche,WR,23.0,SMU,American,13.0,0.0,2.0,0.0,0.0,0.0,4.0,18.0,0.0,111.0,1225.0,15.0
2020,6,206,JAX,Tyler Davis,TE,23.0,Georgia Tech,ACC,12.0,0.0,0.0,0.0,0.0,0.0,0.0,0.0,0.0,17.0,148.0,1.0
2020,6,207,BUF,Isaiah Hodgins,WR,21.0,Oregon State,Pac-12,12.0,0.0,0.0,0.0,0.0,0.0,0.0,0.0,0.0,86.0,1171.0,13.0
2020,6,212,IND,Dezmon Patmon,WR,22.0,Washington State,Pac-12,13.0,0.0,0.0,0.0,0.0,0.0,0.0,0.0,0.0,58.0,762.0,8.0
2020,6,214,SEA,Freddie Swain,WR,22.0,Florida,SEC,12.0,0.0,0.0,0.0,0.0,0.0,4.0,27.0,0.0,38.0,517.0,7.0
2020,7,217,SFO,Jauan Jennings,WR,23.0,Tennessee,SEC,13.0,0.0,1.0,0.0,0.0,0.0,13.0,51.0,1.0,59.0,969.0,8.0
2020,7,220,LAC,K.J. Hill,WR,22.0,Ohio State,Big Ten,14.0,0.0,0.0,0.0,0.0,0.0,1.0,1.0,0.0,57.0,636.0,10.0
2020,7,222,ARI,Eno Benjamin,RB,21.0,Arizona State,Pac-12,12.0,0.0,0.0,0.0,0.0,0.0,253.0,1083.0,10.0,42.0,347.0,2.0
2020,7,224,TEN,Cole McDonald,QB,22.0,Hawaii,MWC,14.0,326.0,511.0,4135.0,33.0,14.0,101.0,383.0,7.0,0.0,0.0,0.0
2020,7,240,NOR,Tommy Stevens,QB,23.0,Mississippi State,SEC,9.0,97.0,161.0,1155.0,11.0,5.0,83.0,381.0,4.0,0.0,0.0,0.0
2020,7,244,MIN,Nathan Stanley,QB,23.0,Iowa,Big Ten,13.0,237.0,399.0,2951.0,16.0,7.0,76.0,7.0,1.0,0.0,0.0,0.0
2020,7,245,TAM,Raymond Calais,RB,22.0,Louisiana,Sun Belt,14.0,0.0,0.0,0.0,0.0,0.0,117.0,886.0,6.0,10.0,67.0,1.0
2020,7,246,MIA,Malcolm Perry,RB,23.0,Navy,American,13.0,48.0,86.0,1084.0,7.0,3.0,295.0,2017.0,21.0,0.0,0.0,0.0
2020,7,251,SEA,Stephen Sullivan,TE,23.0,LSU,SEC,15.0,0.0,0.0,0.0,0.0,0.0,0.0,0.0,0.0,12.0,130.0,0.0
2020,7,252,DEN,Tyrie Cleveland,WR,22.0,Florida,SEC,13.0,0.0,0.0,0.0,0.0,0.0,0.0,0.0,0.0,25.0,351.0,1.0
2021,1,1,JAX,Trevor Lawrence,QB,21.0,Clemson,ACC,10.0,231.0,334.0,3153.0,24.0,5.0,68.0,203.0,8.0,1.0,8.0,0.0
2021,1,2,NYJ,Zach Wilson,QB,22.0,BYU,Ind,12.0,247.0,336.0,3692.0,33.0,3.0,70.0,254.0,10.0,2.0,32.0,0.0
2021,1,4,ATL,Kyle Pitts,TE,20.0,Florida,SEC,8.0,0.0,0.0,0.0,0.0,0.0,0.0,0.0,0.0,43.0,770.0,12.0
2020,1,5,CIN,Ja'Marr Chase,WR,21.0,LSU,SEC,14.0,0.0,0.0,0.0,0.0,0.0,1.0,5.0,0.0,84.0,1780.0,20.0
2021,1,6,MIA,Jaylen Waddle,WR,22.0,Alabama,SEC,6.0,0.0,0.0,0.0,0.0,0.0,3.0,12.0,0.0,28.0,591.0,4.0
2021,1,10,PHI,DeVonta Smith,WR,22.0,Alabama,SEC,13.0,0.0,0.0,0.0,0.0,0.0,4.0,6.0,1.0,117.0,1856.0,23.0
2021,1,11,CHI,Justin Fields,QB,22.0,Ohio State,Big Ten,8.0,158.0,225.0,2100.0,22.0,6.0,81.0,383.0,5.0,0.0,0.0,0.0
2021,1,15,NWE,Mac Jones,QB,23.0,Alabama,SEC,13.0,311.0,402.0,4500.0,41.0,4.0,35.0,14.0,1.0,1.0,-8.0,0.0
2021,1,20,NYG,Kadarius Toney,WR,22.0,Florida,SEC,11.0,1.0,2.0,12.0,0.0,0.0,19.0,161.0,1.0,70.0,984.0,10.0
2021,1,24,PIT,Najee Harris,RB,23.0,Alabama,SEC,13.0,0.0,0.0,0.0,0.0,0.0,251.0,1466.0,26.0,43.0,425.0,4.0
2021,1,25,JAX,Travis Etienne,RB,22.0,Clemson,ACC,12.0,0.0,0.0,0.0,0.0,0.0,168.0,914.0,14.0,48.0,588.0,2.0
2021,1,27,BAL,Rashod Bateman,WR,21.0,Minnesota,Big Ten,5.0,0.0,0.0,0.0,0.0,0.0,0.0,0.0,0.0,36.0,472.0,2.0
2021,2,34,NYJ,Elijah Moore,WR,21.0,Mississippi,SEC,8.0,1.0,1.0,2.0,0.0,0.0,14.0,64.0,0.0,86.0,1193.0,8.0
2021,2,35,DEN,Javonte Williams,RB,21.0,North Carolina,ACC,11.0,0.0,0.0,0.0,0.0,0.0,157.0,1140.0,19.0,25.0,305.0,3.0
2021,2,49,ARI,Rondale Moore,WR,21.0,Purdue,Big Ten,3.0,0.0,0.0,0.0,0.0,0.0,6.0,32.0,1.0,35.0,270.0,0.0
2021,2,55,PIT,Pat Freiermuth,TE,22.0,Penn State,Big Ten,4.0,0.0,0.0,0.0,0.0,0.0,0.0,0.0,0.0,23.0,310.0,1.0
2021,2,56,SEA,D'Wayne Eskridge,WR,24.0,Western Michigan,MAC,6.0,0.0,0.0,0.0,0.0,0.0,1.0,27.0,0.0,34.0,784.0,8.0
2021,2,57,LAR,Chatarius Atwell,WR,21.0,Louisville,ACC,9.0,0.0,0.0,0.0,0.0,0.0,2.0,-2.0,1.0,46.0,625.0,7.0
2021,2,59,CAR,Terrace Marshall Jr.,WR,21.0,LSU,SEC,7.0,0.0,0.0,0.0,0.0,0.0,0.0,0.0,0.0,48.0,731.0,10.0
2021,2,64,TAM,Kyle Trask,QB,23.0,Florida,SEC,12.0,301.0,437.0,4283.0,43.0,8.0,64.0,50.0,3.0,0.0,0.0,0.0
2021,3,66,MIN,Kellen Mond,QB,22.0,Texas A&M,SEC,10.0,188.0,297.0,2282.0,19.0,3.0,74.0,294.0,4.0,0.0,0.0,0.0
2021,3,67,HOU,Davis Mills,QB,22.0,Stanford,Pac-12,5.0,129.0,195.0,1508.0,7.0,3.0,30.0,37.0,3.0,0.0,0.0,0.0
2021,3,77,LAC,Josh Palmer,WR,21.0,Tennessee,SEC,10.0,0.0,0.0,0.0,0.0,0.0,0.0,0.0,0.0,33.0,475.0,4.0
2021,3,81,MIA,Hunter Long,TE,23.0,Boston College,ACC,11.0,0.0,0.0,0.0,0.0,0.0,0.0,0.0,0.0,57.0,685.0,5.0
2021,3,82,WAS,Dyami Brown,WR,21.0,North Carolina,ACC,11.0,0.0,0.0,0.0,0.0,0.0,0.0,0.0,0.0,55.0,1099.0,8.0
2021,3,83,CAR,Tommy Tremble,TE,21.0,Notre Dame,ACC,12.0,0.0,0.0,0.0,0.0,0.0,1.0,4.0,0.0,19.0,213.0,0.0
2021,3,85,GNB,Amari Rodgers,WR,21.0,Clemson,ACC,12.0,1.0,1.0,8.0,0.0,0.0,0.0,0.0,0.0,77.0,1020.0,7.0
2021,3,88,SFO,Trey Sermon,RB,22.0,Ohio State,Big Ten,8.0,0.0,0.0,0.0,0.0,0.0,116.0,870.0,4.0,12.0,95.0,0.0
2020,3,89,HOU,Nico Collins,WR,22.0,Michigan,Big Ten,12.0,0.0,0.0,0.0,0.0,0.0,0.0,0.0,0.0,37.0,729.0,7.0
2021,3,91,CLE,Anthony Schwartz,WR,21.0,Auburn,SEC,10.0,0.0,0.0,0.0,0.0,0.0,4.0,-6.0,0.0,54.0,636.0,3.0
2021,3,97,LAC,Tre' McKitty,TE,22.0,Georgia,SEC,7.0,0.0,0.0,0.0,0.0,0.0,0.0,0.0,0.0,6.0,108.0,1.0
2021,4,107,NYJ,Michael Carter,RB,22.0,North Carolina,ACC,11.0,0.0,0.0,0.0,0.0,0.0,156.0,1245.0,9.0,25.0,267.0,2.0
2021,4,109,TEN,Dez Fitzpatrick,WR,23.0,Louisville,ACC,11.0,0.0,0.0,0.0,0.0,0.0,0.0,0.0,0.0,43.0,833.0,3.0
2021,4,112,DET,Amon-Ra St. Brown,WR,21.0,USC,Pac-12,6.0,0.0,0.0,0.0,0.0,0.0,0.0,0.0,0.0,41.0,478.0,7.0
2021,4,119,MIN,Kene Nwangwu,RB,23.0,Iowa State,Big 12,12.0,0.0,0.0,0.0,0.0,0.0,61.0,339.0,4.0,3.0,22.0,0.0
2021,4,120,NWE,Rhamondre Stevenson,RB,23.0,Oklahoma,Big 12,6.0,0.0,0.0,0.0,0.0,0.0,101.0,665.0,7.0,18.0,211.0,0.0
2021,4,124,WAS,John Bates,TE,23.0,Boise State,MWC,5.0,0.0,0.0,0.0,0.0,0.0,0.0,0.0,0.0,12.0,117.0,0.0
2021,4,126,CAR,Chuba Hubbard,RB,22.0,Oklahoma State,Big 12,7.0,0.0,0.0,0.0,0.0,0.0,133.0,625.0,5.0,8.0,52.0,1.0
2021,4,127,IND,Kylen Granson,TE,23.0,SMU,American,10.0,0.0,0.0,0.0,0.0,0.0,1.0,0.0,0.0,35.0,536.0,5.0
2021,4,129,TAM,Jaelon Darden,WR,22.0,North Texas,CUSA,9.0,0.0,0.0,0.0,0.0,0.0,1.0,-3.0,0.0,74.0,1190.0,19.0
2021,4,131,BAL,Tylan Wallace,WR,22.0,Oklahoma State,Big 12,10.0,0.0,0.0,0.0,0.0,0.0,1.0,7.0,0.0,59.0,922.0,6.0
2021,4,133,NOR,Ian Book,QB,23.0,Notre Dame,ACC,12.0,228.0,353.0,2830.0,15.0,3.0,116.0,485.0,9.0,0.0,0.0,0.0
2021,4,141,LAR,Jacob Harris,WR,24.0,UCF,American,10.0,0.0,0.0,0.0,0.0,0.0,0.0,0.0,0.0,30.0,539.0,8.0
2021,5,145,JAX,Luke Farrell,TE,23.0,Ohio State,Big Ten,7.0,0.0,0.0,0.0,0.0,0.0,0.0,0.0,0.0,5.0,37.0,1.0
2021,5,147,HOU,Brevin Jordan,TE,21.0,Miami (FL),ACC,8.0,1.0,1.0,15.0,0.0,0.0,2.0,1.0,0.0,38.0,576.0,7.0
2020,5,150,PHI,Kenny Gainwell,RB,22.0,Memphis,American,14.0,0.0,0.0,0.0,0.0,0.0,231.0,1459.0,13.0,51.0,610.0,3.0
2021,5,157,MIN,Ihmir Smith-Marsette,WR,22.0,Iowa,Big Ten,7.0,0.0,0.0,0.0,0.0,0.0,7.0,54.0,1.0,25.0,345.0,3.0
2021,5,162,KAN,Noah Gray,TE,22.0,Duke,ACC,10.0,1.0,1.0,11.0,0.0,0.0,2.0,3.0,0.0,29.0,285.0,2.0
2021,5,179,DAL,Simi Fehoko,WR,23.0,Stanford,Pac-12,6.0,0.0,0.0,0.0,0.0,0.0,1.0,-1.0,0.0,37.0,574.0,3.0
2021,5,181,KAN,Cornell Powell,WR,23.0,Clemson,ACC,12.0,0.0,0.0,0.0,0.0,0.0,0.0,0.0,0.0,53.0,882.0,7.0
2021,5,184,BAL,Ben Mason,FB,22.0,Michigan,Big Ten,6.0,0.0,0.0,0.0,0.0,0.0,0.0,0.0,0.0,2.0,17.0,1.0
2021,6,187,ATL,Frank Darby,WR,23.0,Arizona State,Pac-12,4.0,0.0,0.0,0.0,0.0,0.0,0.0,0.0,0.0,6.0,46.0,1.0
2021,6,194,SFO,Elijah Mitchell,RB,23.0,Louisiana,Sun Belt,10.0,0.0,0.0,0.0,0.0,0.0,141.0,878.0,8.0,16.0,153.0,0.0
2021,6,196,NYG,Gary Brightwell,RB,22.0,Arizona,Pac-12,5.0,0.0,0.0,0.0,0.0,0.0,88.0,390.0,1.0,13.0,53.0,0.0
2021,6,198,LAC,Larry Rountree,RB,22.0,Missouri,SEC,10.0,0.0,0.0,0.0,0.0,0.0,209.0,972.0,14.0,15.0,100.0,0.0
2021,6,202,CIN,Chris Evans,RB,23.0,Michigan,Big Ten,6.0,0.0,0.0,0.0,0.0,0.0,16.0,73.0,1.0,9.0,87.0,0.0
2021,6,203,BUF,Marquez Stevenson,WR,23.0,Houston,American,5.0,0.0,0.0,0.0,0.0,0.0,3.0,16.0,0.0,20.0,307.0,4.0
2021,6,204,CAR,Shi Smith,WR,22.0,South Carolina,SEC,9.0,0.0,2.0,0.0,0.0,0.0,6.0,6.0,0.0,57.0,633.0,4.0
2021,6,205,TEN,Racey McMath,WR,22.0,LSU,SEC,6.0,0.0,0.0,0.0,0.0,0.0,0.0,0.0,0.0,14.0,195.0,1.0
2021,6,209,JAX,Jalen Camp,WR,23.0,Georgia Tech,ACC,10.0,0.0,0.0,0.0,0.0,0.0,0.0,0.0,0.0,29.0,439.0,4.0
2021,6,211,CLE,Demetric Felton,RB,23.0,UCLA,Pac-12,6.0,0.0,0.0,0.0,0.0,0.0,132.0,668.0,5.0,22.0,159.0,3.0
2021,6,217,CHI,Khalil Herbert,RB,23.0,Virginia Tech,ACC,11.0,0.0,0.0,0.0,0.0,0.0,154.0,1182.0,8.0,10.0,179.0,1.0
2021,6,218,IND,Sam Ehlinger,QB,22.0,Texas,Big 12,10.0,194.0,322.0,2566.0,26.0,5.0,113.0,377.0,8.0,0.0,0.0,0.0
2021,6,219,DEN,Seth Williams,WR,21.0,Auburn,SEC,11.0,0.0,0.0,0.0,0.0,0.0,0.0,0.0,0.0,47.0,760.0,4.0
2021,6,221,CHI,Dazz Newsome,WR,22.0,North Carolina,ACC,12.0,0.0,0.0,0.0,0.0,0.0,2.0,21.0,1.0,54.0,684.0,6.0
2021,7,233,LAR,Jake Funk,RB,23.0,Maryland,Big Ten,5.0,0.0,0.0,0.0,0.0,0.0,60.0,516.0,3.0,10.0,68.0,1.0
2021,7,242,NWE,Tre Nixon,WR,23.0,UCF,American,4.0,0.0,0.0,0.0,0.0,0.0,0.0,0.0,0.0,19.0,260.0,2.0
2021,7,244,MIA,Gerrid Doaks,RB,23.0,Cincinnati,American,9.0,0.0,0.0,0.0,0.0,0.0,144.0,673.0,7.0,14.0,202.0,2.0
2021,7,249,LAR,Ben Skowronek,WR,24.0,Notre Dame,ACC,11.0,0.0,0.0,0.0,0.0,0.0,2.0,17.0,1.0,29.0,439.0,5.0
2021,7,255,NOR,Kawaan Baker,WR,23.0,South Alabama,Sun Belt,11.0,0.0,0.0,0.0,0.0,0.0,13.0,42.0,0.0,51.0,659.0,8.0
2021,7,256,GNB,Kylin Hill,RB,23.0,Mississippi State,SEC,3.0,0.0,0.0,0.0,0.0,0.0,15.0,58.0,0.0,23.0,237.0,1.0
2021,7,257,DET,Jermar Jefferson,RB,21.0,Oregon State,Pac-12,6.0,0.0,0.0,0.0,0.0,0.0,133.0,858.0,7.0,9.0,67.0,0.0
2021,7,258,WAS,Dax Milne,WR,22.0,BYU,Ind,12.0,0.0,0.0,0.0,0.0,0.0,11.0,67.0,0.0,70.0,1188.0,8.0
2022,1,8,ATL,Drake London,WR,21.0,USC,Pac-12,8.0,0.0,0.0,0.0,0.0,0.0,1.0,2.0,0.0,88.0,1084.0,7.0
2022,1,10,NYJ,Garrett Wilson,WR,22.0,Ohio State,Big Ten,11.0,0.0,0.0,0.0,0.0,0.0,4.0,76.0,1.0,70.0,1058.0,12.0
2022,1,11,NOR,Chris Olave,WR,22.0,Ohio State,Big Ten,12.0,0.0,0.0,0.0,0.0,0.0,0.0,0.0,0.0,65.0,936.0,13.0
2022,1,12,DET,Jameson Williams,WR,21.0,Alabama,SEC,15.0,0.0,0.0,0.0,0.0,0.0,3.0,23.0,0.0,79.0,1572.0,15.0
2022,1,16,WAS,Jahan Dotson,WR,22.0,Penn State,Big Ten,12.0,2.0,2.0,43.0,0.0,0.0,6.0,18.0,1.0,91.0,1182.0,12.0
2022,1,18,TEN,Treylon Burks,WR,22.0,Arkansas,SEC,12.0,0.0,2.0,0.0,0.0,0.0,14.0,112.0,1.0,66.0,1104.0,11.0
2022,1,20,PIT,Kenny Pickett,QB,24.0,Pittsburgh,ACC,13.0,334.0,497.0,4319.0,42.0,7.0,97.0,241.0,5.0,0.0,0.0,0.0
2022,2,36,NYJ,Breece Hall,RB,21.0,Iowa State,Big 12,12.0,0.0,0.0,0.0,0.0,0.0,253.0,1464.0,20.0,36.0,302.0,3.0
2022,2,41,SEA,Kenneth Walker III,RB,21.0,Michigan State,Big Ten,12.0,0.0,0.0,0.0,0.0,0.0,263.0,1636.0,18.0,13.0,89.0,1.0
2022,2,43,NYG,Wan'Dale Robinson,WR,21.0,Kentucky,SEC,13.0,0.0,0.0,0.0,0.0,0.0,7.0,111.0,0.0,104.0,1334.0,7.0
2022,2,44,HOU,John Metchie,WR,22.0,Alabama,SEC,13.0,0.0,0.0,0.0,0.0,0.0,1.0,8.0,0.0,96.0,1142.0,8.0
2022,2,50,NWE,Tyquan Thornton,WR,21.0,Baylor,Big 12,14.0,1.0,1.0,6.0,1.0,0.0,1.0,-11.0,0.0,62.0,948.0,10.0
2022,2,52,PIT,George Pickens,WR,21.0,Georgia,SEC,4.0,0.0,0.0,0.0,0.0,0.0,0.0,0.0,0.0,5.0,107.0,0.0
2022,2,53,IND,Alec Pierce,WR,22.0,Cincinnati,American,14.0,0.0,0.0,0.0,0.0,0.0,0.0,0.0,0.0,52.0,884.0,7.0
2022,2,54,KAN,Skyy Moore,WR,21.0,Western Michigan,MAC,12.0,0.0,0.0,0.0,0.0,0.0,1.0,10.0,0.0,95.0,1292.0,9.0
2022,2,55,ARI,Trey McBride,TE,22.0,Colorado State,MWC,12.0,0.0,0.0,0.0,0.0,0.0,1.0,69.0,1.0,90.0,1121.0,1.0
2022,2,63,BUF,James Cook,RB,22.0,Georgia,SEC,15.0,0.0,0.0,0.0,0.0,0.0,113.0,728.0,7.0,27.0,284.0,4.0
2022,3,71,CHI,Velus Jones Jr.,WR,25.0,Tennessee,SEC,13.0,0.0,0.0,0.0,0.0,0.0,1.0,15.0,0.0,62.0,807.0,7.0
2022,3,73,IND,Jelani Woods,TE,23.0,Virginia,ACC,11.0,0.0,0.0,0.0,0.0,0.0,1.0,1.0,0.0,44.0,598.0,8.0
2022,3,74,ATL,Desmond Ridder,QB,23.0,Cincinnati,American,14.0,251.0,387.0,3334.0,30.0,8.0,110.0,365.0,6.0,2.0,8.0,2.0
2022,3,80,DEN,Greg Dulcich,TE,22.0,UCLA,Pac-12,12.0,0.0,0.0,0.0,0.0,0.0,0.0,0.0,0.0,42.0,725.0,5.0
2022,3,86,TEN,Malik Willis,QB,23.0,Liberty,Ind,13.0,207.0,339.0,2862.0,27.0,12.0,197.0,878.0,13.0,1.0,13.0,0.0
2022,3,88,DAL,Jalen Tolbert,WR,23.0,South Alabama,Sun Belt,12.0,0.0,0.0,0.0,0.0,0.0,0.0,0.0,0.0,82.0,1474.0,8.0
2022,3,91,TAM,Rachaad White,RB,23.0,Arizona State,Pac-12,11.0,0.0,0.0,0.0,0.0,0.0,182.0,1006.0,15.0,43.0,456.0,1.0
2022,3,93,SFO,Tyrion Davis-Price,RB,21.0,LSU,SEC,12.0,0.0,0.0,0.0,0.0,0.0,211.0,1003.0,6.0,10.0,64.0,0.0
2022,3,94,CAR,Matt Corral,QB,23.0,Mississippi,SEC,13.0,262.0,386.0,3349.0,20.0,5.0,152.0,614.0,11.0,1.0,19.0,0.0
2022,3,98,WAS,Brian Robinson Jr.,RB,23.0,Alabama,SEC,14.0,0.0,0.0,0.0,0.0,0.0,271.0,1343.0,14.0,35.0,296.0,2.0
2022,3,99,CLE,David Bell,WR,21.0,Purdue,Big Ten,11.0,0.0,0.0,0.0,0.0,0.0,3.0,39.0,0.0,93.0,1286.0,6.0
2022,3,101,NYJ,Jeremy Ruckert,TE,22.0,Ohio State,Big Ten,12.0,0.0,0.0,0.0,0.0,0.0,0.0,0.0,0.0,26.0,309.0,3.0
2022,3,105,SFO,Danny Gray,WR,23.0,SMU,American,10.0,0.0,0.0,0.0,0.0,0.0,3.0,40.0,0.0,49.0,803.0,9.0
2022,4,106,TAM,Cade Otton,TE,23.0,Washington,Pac-12,8.0,0.0,0.0,0.0,0.0,0.0,0.0,0.0,0.0,28.0,250.0,1.0
2022,4,107,HOU,Dameon Pierce,RB,22.0,Florida,SEC,13.0,0.0,0.0,0.0,0.0,0.0,100.0,574.0,13.0,19.0,216.0,3.0
2022,4,112,NYG,Daniel Bellinger,TE,21.0,San Diego State,MWC,13.0,0.0,0.0,0.0,0.0,0.0,1.0,2.0,0.0,31.0,357.0,2.0
2022,4,122,LVR,Zamir White,RB,22.0,Georgia,SEC,15.0,0.0,0.0,0.0,0.0,0.0,160.0,856.0,11.0,9.0,75.0,0.0
2022,4,123,LAC,Isaiah Spiller,RB,21.0,Texas A&M,SEC,12.0,0.0,0.0,0.0,0.0,0.0,179.0,1011.0,6.0,25.0,189.0,1.0
2022,4,125,MIA,Erik Ezukanma,WR,22.0,Texas Tech,Big 12,11.0,0.0,0.0,0.0,0.0,0.0,10.0,138.0,2.0,48.0,705.0,4.0
2022,4,128,BAL,Charlie Kolar,TE,23.0,Iowa State,Big 12,12.0,0.0,0.0,0.0,0.0,0.0,0.0,0.0,0.0,62.0,756.0,6.0
2022,4,129,DAL,Jake Ferguson,TE,23.0,Wisconsin,Big Ten,13.0,0.0,0.0,0.0,0.0,0.0,0.0,0.0,0.0,46.0,450.0,3.0
2022,4,131,TEN,Hassan Haskins,RB,22.0,Michigan,Big Ten,14.0,0.0,0.0,0.0,0.0,0.0,270.0,1327.0,20.0,18.0,131.0,0.0
2022,4,132,GNB,Romeo Doubs,WR,22.0,Nevada,MWC,11.0,0.0,0.0,0.0,0.0,0.0,1.0,4.0,0.0,80.0,1109.0,11.0
2022,4,137,NWE,Bailey Zappe,QB,23.0,Western Kentucky,CUSA,14.0,475.0,687.0,5967.0,62.0,11.0,51.0,17.0,3.0,0.0,0.0,0.0
2022,4,138,PIT,Calvin Austin III,WR,23.0,Memphis,American,12.0,0.0,0.0,0.0,0.0,0.0,1.0,69.0,1.0,74.0,1149.0,8.0
2022,4,139,BAL,Isaiah Likely,TE,22.0,Coastal Carolina,Sun Belt,13.0,0.0,0.0,0.0,0.0,0.0,3.0,10.0,0.0,59.0,912.0,12.0
2022,4,143,TEN,Chigoziem Okonkwo,TE,22.0,Maryland,Big Ten,13.0,0.0,0.0,0.0,0.0,0.0,0.0,0.0,0.0,52.0,447.0,5.0
2022,5,144,WAS,Sam Howell,QB,21.0,North Carolina,ACC,12.0,217.0,347.0,3056.0,24.0,9.0,183.0,828.0,11.0,0.0,0.0,0.0
2022,5,148,BUF,Khalil Shakir,WR,22.0,Boise State,MWC,12.0,0.0,1.0,0.0,0.0,1.0,21.0,130.0,0.0,77.0,1117.0,7.0
2022,5,149,WAS,Cole Turner,TE,22.0,Nevada,MWC,11.0,0.0,0.0,0.0,0.0,0.0,0.0,0.0,0.0,62.0,677.0,10.0
2022,5,151,ATL,Tyler Allgeier,RB,22.0,BYU,Ind,13.0,0.0,0.0,0.0,0.0,0.0,276.0,1606.0,23.0,28.0,199.0,0.0
2022,5,154,JAX,Snoop Conner,RB,22.0,Mississippi,SEC,13.0,0.0,0.0,0.0,0.0,0.0,130.0,647.0,13.0,14.0,82.0,0.0
2022,5,156,CLE,Jerome Ford,RB,22.0,Cincinnati,American,13.0,0.0,0.0,0.0,0.0,0.0,214.0,1319.0,19.0,21.0,220.0,1.0
2022,5,163,TEN,Kyle Philips,WR,23.0,UCLA,Pac-12,11.0,0.0,0.0,0.0,0.0,0.0,0.0,0.0,0.0,59.0,739.0,10.0
2022,5,164,LAR,Kyren Williams,RB,22.0,Notre Dame,Ind,12.0,0.0,0.0,0.0,0.0,0.0,204.0,1002.0,14.0,42.0,359.0,3.0
2022,5,169,MIN,Ty Chandler,RB,24.0,North Carolina,ACC,13.0,0.0,0.0,0.0,0.0,0.0,182.0,1092.0,13.0,15.0,216.0,1.0
2022,5,170,HOU,Teagan Quitoriano,TE,22.0,Oregon State,Pac-12,13.0,0.0,0.0,0.0,0.0,0.0,0.0,0.0,0.0,19.0,214.0,3.0
2022,5,177,DET,James Mitchell,TE,23.0,Virginia Tech,ACC,2.0,0.0,0.0,0.0,0.0,0.0,1.0,1.0,0.0,5.0,42.0,1.0
2022,6,183,NWE,Kevin Harris,RB,21.0,South Carolina,SEC,12.0,0.0,0.0,0.0,0.0,0.0,152.0,659.0,4.0,11.0,89.0,0.0
2022,6,191,MIN,Jalen Nailor,WR,23.0,Michigan State,Big Ten,9.0,0.0,0.0,0.0,0.0,0.0,1.0,-3.0,0.0,37.0,694.0,6.0
2022,6,196,BAL,Tyler Badie,RB,22.0,Missouri,SEC,12.0,0.0,0.0,0.0,0.0,0.0,268.0,1604.0,14.0,54.0,330.0,4.0
2022,6,198,PHI,Grant Calcaterra,TE,23.0,SMU,American,12.0,0.0,0.0,0.0,0.0,0.0,0.0,0.0,0.0,38.0,465.0,4.0
2022,6,201,ARI,Keaontay Ingram,RB,22.0,USC,Pac-12,10.0,0.0,0.0,0.0,0.0,0.0,156.0,911.0,5.0,22.0,156.0,0.0
2022,6,202,CLE,Michael Woods II,WR,22.0,Oklahoma,Big 12,11.0,0.0,0.0,0.0,0.0,0.0,1.0,2.0,0.0,35.0,400.0,2.0
2022,6,203,CHI,Trestan Ebner,RB,23.0,Baylor,Big 12,14.0,0.0,0.0,0.0,0.0,0.0,148.0,799.0,2.0,28.0,284.0,2.0
2022,6,208,PIT,Connor Heyward,TE,23.0,Michigan State,Big Ten,13.0,0.0,0.0,0.0,0.0,0.0,1.0,7.0,0.0,35.0,326.0,2.0
2022,6,213,ATL,John FitzPatrick,TE,22.0,Georgia,SEC,15.0,0.0,0.0,0.0,0.0,0.0,0.0,0.0,0.0,6.0,83.0,0.0
2022,6,218,TAM,Ko Kieft,TE,24.0,Minnesota,Big Ten,13.0,0.0,0.0,0.0,0.0,0.0,0.0,0.0,0.0,7.0,101.0,1.0
2022,7,227,MIN,Nick Muse,TE,23.0,South Carolina,SEC,13.0,0.0,0.0,0.0,0.0,0.0,0.0,0.0,0.0,20.0,222.0,2.0
2022,7,229,SEA,Bo Melton,WR,23.0,Rutgers,Big Ten,11.0,0.0,0.0,0.0,0.0,0.0,9.0,51.0,0.0,55.0,618.0,3.0
2022,7,247,MIA,Skylar Thompson,QB,25.0,Kansas State,Big 12,10.0,162.0,233.0,2113.0,12.0,4.0,48.0,4.0,4.0,0.0,0.0,0.0
2022,7,250,LVR,Brittain Brown,RB,24.0,UCLA,Pac-12,10.0,0.0,0.0,0.0,0.0,0.0,102.0,615.0,7.0,18.0,129.0,0.0
2022,7,251,KAN,Isiah Pacheco,RB,23.0,Rutgers,Big Ten,12.0,1.0,1.0,1.0,0.0,0.0,167.0,647.0,5.0,13.0,25.0,0.0
2022,7,258,GNB,Samori Toure,WR,24.0,Nebraska,Big Ten,12.0,0.0,0.0,0.0,0.0,0.0,8.0,63.0,1.0,46.0,898.0,5.0
2022,7,260,LAC,Alexander Horvath,RB,23.0,Purdue,Big Ten,8.0,0.0,0.0,0.0,0.0,0.0,91.0,320.0,3.0,17.0,108.0,0.0
2022,7,262,SFO,Brock Purdy,QB,22.0,Iowa State,Big 12,13.0,292.0,407.0,3188.0,19.0,8.0,85.0,238.0,1.0,0.0,0.0,0.0
2023,1,1,CAR,Bryce Young,QB,22.0,Alabama,SEC,12.0,245.0,380.0,3328.0,32.0,5.0,49.0,185.0,4.0,0.0,0.0,0.0
2023,1,2,HOU,C.J. Stroud,QB,21.0,Ohio State,Big Ten,13.0,258.0,389.0,3688.0,41.0,6.0,47.0,108.0,0.0,0.0,0.0,0.0
2023,1,4,IND,Anthony Richardson,QB,21.0,Florida,SEC,12.0,176.0,327.0,2549.0,17.0,9.0,103.0,654.0,9.0,0.0,0.0,0.0
2023,1,8,ATL,Bijan Robinson,RB,21.0,Texas,Big 12,12.0,0.0,0.0,0.0,0.0,0.0,258.0,1580.0,18.0,19.0,314.0,2.0
2023,1,12,DET,Jahmyr Gibbs,RB,21.0,Alabama,SEC,12.0,0.0,0.0,0.0,0.0,0.0,151.0,926.0,7.0,44.0,444.0,3.0
2023,1,20,SEA,Jaxon Smith-Njigba,WR,21.0,Ohio State,Big Ten,3.0,0.0,0.0,0.0,0.0,0.0,0.0,0.0,0.0,5.0,43.0,0.0
2023,1,21,LAC,Quentin Johnston,WR,22.0,TCU,Big 12,14.0,0.0,0.0,0.0,0.0,0.0,3.0,-7.0,0.0,60.0,1069.0,6.0
2023,1,22,BAL,Zay Flowers,WR,22.0,Boston College,ACC,12.0,0.0,0.0,0.0,0.0,0.0,12.0,40.0,0.0,78.0,1077.0,12.0
2023,1,23,MIN,Jordan Addison,WR,21.0,USC,Pac-12,11.0,0.0,0.0,0.0,0.0,0.0,4.0,33.0,0.0,59.0,875.0,8.0
2023,1,25,BUF,Dalton Kincaid,TE,23.0,Utah,Pac-12,12.0,0.0,0.0,0.0,0.0,0.0,0.0,0.0,0.0,70.0,890.0,8.0
2023,2,33,TEN,Will Levis,QB,24.0,Kentucky,SEC,11.0,185.0,283.0,2406.0,19.0,10.0,72.0,-107.0,2.0,0.0,0.0,0.0
2023,2,34,DET,Sam LaPorta,TE,22.0,Iowa,Big Ten,12.0,0.0,0.0,0.0,0.0,0.0,2.0,6.0,0.0,58.0,657.0,1.0
2023,2,35,LVR,Michael Mayer,TE,22.0,Notre Dame,Ind,12.0,0.0,0.0,0.0,0.0,0.0,0.0,0.0,0.0,67.0,809.0,9.0
2023,2,39,CAR,Jonathan Mingo,WR,22.0,Mississippi,SEC,13.0,0.0,0.0,0.0,0.0,0.0,4.0,-7.0,1.0,51.0,861.0,5.0
2023,2,42,GNB,Luke Musgrave,TE,23.0,Oregon State,Pac-12,2.0,0.0,0.0,0.0,0.0,0.0,0.0,0.0,0.0,11.0,169.0,1.0
2023,2,50,GNB,Jayden Reed,WR,23.0,Michigan State,Big Ten,11.0,1.0,1.0,25.0,1.0,0.0,4.0,11.0,0.0,55.0,636.0,5.0
2023,2,52,SEA,Zach Charbonnet,RB,22.0,UCLA,Pac-12,10.0,0.0,0.0,0.0,0.0,0.0,195.0,1359.0,14.0,37.0,321.0,0.0
2023,2,55,KAN,Rashee Rice,WR,23.0,SMU,American,12.0,0.0,0.0,0.0,0.0,0.0,0.0,0.0,0.0,96.0,1355.0,10.0
2023,2,58,DAL,Luke Schoonmaker,TE,24.0,Michigan,Big Ten,12.0,0.0,0.0,0.0,0.0,0.0,0.0,0.0,0.0,35.0,418.0,3.0
2023,2,61,JAX,Brenton Strange,TE,22.0,Penn State,Big Ten,13.0,0.0,0.0,0.0,0.0,0.0,1.0,0.0,0.0,32.0,362.0,5.0
2023,2,63,DEN,Marvin Mims,WR,21.0,Oklahoma,Big 12,13.0,0.0,0.0,0.0,0.0,0.0,2.0,3.0,0.0,54.0,1083.0,6.0
2023,3,68,DET,Hendon Hooker,QB,25.0,Tennessee,SEC,11.0,229.0,329.0,3135.0,27.0,2.0,104.0,430.0,5.0,0.0,0.0,0.0
2023,3,69,HOU,Nathaniel Dell,WR,23.0,Houston,American,13.0,0.0,0.0,0.0,0.0,0.0,4.0,9.0,0.0,109.0,1398.0,17.0
2023,3,71,NOR,Kendre Miller,RB,21.0,TCU,Big 12,14.0,0.0,0.0,0.0,0.0,0.0,224.0,1399.0,17.0,16.0,116.0,0.0
2023,3,73,NYG,Jalin Hyatt,WR,21.0,Tennessee,SEC,12.0,0.0,0.0,0.0,0.0,0.0,1.0,0.0,0.0,67.0,1267.0,15.0
2023,3,74,CLE,Cedric Tillman,WR,23.0,Tennessee,SEC,6.0,0.0,0.0,0.0,0.0,0.0,0.0,0.0,0.0,37.0,417.0,3.0
2023,3,79,IND,Josh Downs,WR,22.0,North Carolina,ACC,11.0,0.0,0.0,0.0,0.0,0.0,0.0,0.0,0.0,94.0,1029.0,11.0
2023,3,81,TEN,Tyjae Spears,RB,22.0,Tulane,American,14.0,0.0,0.0,0.0,0.0,0.0,229.0,1581.0,19.0,22.0,256.0,2.0
2023,3,84,MIA,De'Von Achane,RB,21.0,Texas A&M,SEC,10.0,0.0,0.0,0.0,0.0,0.0,196.0,1102.0,8.0,36.0,196.0,3.0
2023,3,88,JAX,Tank Bigsby,RB,22.0,Auburn,SEC,12.0,0.0,0.0,0.0,0.0,0.0,179.0,970.0,10.0,30.0,180.0,0.0
2023,3,93,PIT,Darnell Washington,TE,22.0,Georgia,SEC,15.0,0.0,0.0,0.0,0.0,0.0,0.0,0.0,0.0,28.0,454.0,2.0
2023,3,94,ARI,Michael Wilson,WR,23.0,Stanford,Pac-12,6.0,0.0,0.0,0.0,0.0,0.0,4.0,47.0,0.0,26.0,418.0,4.0
2023,3,100,LVR,Tre Tucker,WR,22.0,Cincinnati,American,12.0,0.0,0.0,0.0,0.0,0.0,1.0,8.0,0.0,52.0,671.0,3.0
2023,3,101,SFO,Cameron Latu,TE,23.0,Alabama,SEC,11.0,0.0,0.0,0.0,0.0,0.0,0.0,0.0,0.0,30.0,377.0,4.0
2023,4,115,CHI,Roschon Johnson,RB,22.0,Texas,Big 12,12.0,0.0,0.0,0.0,0.0,0.0,93.0,554.0,5.0,14.0,128.0,1.0
2023,4,125,LAC,Derius Davis,WR,22.0,TCU,Big 12,14.0,0.0,0.0,0.0,0.0,0.0,3.0,30.0,1.0,42.0,531.0,5.0
2023,4,127,NOR,Jake Haener,QB,24.0,Fresno State,MWC,10.0,252.0,350.0,2896.0,20.0,3.0,46.0,-123.0,2.0,0.0,0.0,0.0
2023,4,128,LAR,Stetson Bennett,QB,25.0,Georgia,SEC,15.0,310.0,454.0,4128.0,27.0,7.0,57.0,205.0,10.0,0.0,0.0,0.0
2023,4,131,CIN,Charlie Jones,WR,24.0,Purdue,Big Ten,13.0,0.0,0.0,0.0,0.0,0.0,2.0,3.0,0.0,110.0,1361.0,12.0
2023,4,133,CHI,Tyler Scott,WR,21.0,Cincinnati,American,11.0,0.0,0.0,0.0,0.0,0.0,0.0,0.0,0.0,54.0,899.0,9.0
2023,4,135,LVR,Aidan O'Connell,QB,25.0,Purdue,Big Ten,12.0,320.0,499.0,3490.0,22.0,13.0,43.0,-81.0,1.0,0.0,0.0,0.0
2023,5,139,ARI,Clayton Tune,QB,24.0,Houston,American,13.0,334.0,496.0,4074.0,40.0,10.0,128.0,544.0,5.0,0.0,0.0,0.0
2023,5,140,CLE,Dorian Thompson-Robinson,QB,23.0,UCLA,Pac-12,13.0,266.0,382.0,3169.0,27.0,10.0,118.0,645.0,12.0,0.0,0.0,0.0
2023,5,143,NYJ,Israel Abanikanda,RB,20.0,Pittsburgh,ACC,11.0,0.0,0.0,0.0,0.0,0.0,239.0,1431.0,20.0,12.0,146.0,1.0
2023,5,147,TEN,Josh Whyle,TE,23.0,Cincinnati,American,12.0,0.0,0.0,0.0,0.0,0.0,0.0,0.0,0.0,32.0,326.0,3.0
2023,5,149,GNB,Sean Clifford,QB,25.0,Penn State,Big Ten,13.0,226.0,351.0,2822.0,24.0,7.0,69.0,176.0,5.0,2.0,24.0,0.0
2023,5,150,BUF,Justin Shorter,WR,23.0,Florida,SEC,9.0,0.0,0.0,0.0,0.0,0.0,0.0,0.0,0.0,29.0,577.0,2.0
2023,5,159,GNB,Dontayvion Wicks,WR,22.0,Virginia,ACC,8.0,0.0,0.0,0.0,0.0,0.0,0.0,0.0,0.0,30.0,430.0,2.0
2023,5,162,IND,Will Mallory,TE,24.0,Miami (FL),ACC,12.0,0.0,0.0,0.0,0.0,0.0,0.0,0.0,0.0,42.0,538.0,3.0
2023,5,163,CIN,Chase Brown,RB,23.0,Illinois,Big Ten,12.0,0.0,1.0,0.0,0.0,0.0,328.0,1643.0,10.0,27.0,240.0,3.0
2023,5,164,MIN,Jaren Hall,QB,25.0,BYU,Ind,12.0,248.0,376.0,3171.0,31.0,6.0,86.0,350.0,3.0,2.0,28.0,1.0
2023,5,171,TAM,Payne Durham,TE,23.0,Purdue,Big Ten,13.0,0.0,0.0,0.0,0.0,0.0,1.0,4.0,0.0,56.0,560.0,8.0
2023,5,172,NYG,Eric Gray,RB,23.0,Oklahoma,Big 12,12.0,1.0,2.0,0.0,0.0,1.0,213.0,1366.0,11.0,33.0,229.0,0.0
2023,5,175,LAR,Davis Allen,TE,22.0,Clemson,ACC,14.0,0.0,1.0,0.0,0.0,0.0,0.0,0.0,0.0,39.0,443.0,5.0
2023,5,176,IND,Evan Hull,RB,22.0,Northwestern,Big Ten,12.0,0.0,0.0,0.0,0.0,0.0,221.0,913.0,5.0,55.0,546.0,2.0
2023,5,177,LAR,Puka Nacua,WR,22.0,BYU,Ind,9.0,0.0,0.0,0.0,0.0,0.0,25.0,209.0,5.0,48.0,625.0,5.0
2023,6,185,JAX,Parker Washington,WR,21.0,Penn State,Big Ten,10.0,0.0,0.0,0.0,0.0,0.0,2.0,8.0,0.0,46.0,611.0,2.0
2023,6,187,NWE,Kayshon Boutte,WR,21.0,LSU,SEC,11.0,0.0,0.0,0.0,0.0,0.0,1.0,41.0,0.0,48.0,538.0,2.0
2023,6,188,PHI,Tanner McKee,QB,23.0,Stanford,Pac-12,12.0,264.0,426.0,2947.0,13.0,8.0,74.0,-90.0,2.0,0.0,0.0,0.0
2023,6,191,TAM,Trey Palmer,WR,22.0,Nebraska,Big Ten,12.0,0.0,0.0,0.0,0.0,0.0,5.0,75.0,0.0,71.0,1043.0,9.0
2023,6,193,WAS,Christopher Rodriguez,RB,22.0,Kentucky,SEC,8.0,0.0,0.0,0.0,0.0,0.0,175.0,904.0,6.0,5.0,41.0,0.0
2023,6,195,NOR,A.T. Perry,WR,23.0,Wake Forest,ACC,13.0,0.0,0.0,0.0,0.0,0.0,0.0,0.0,0.0,81.0,1096.0,11.0
2023,6,197,MIA,Elijah Higgins,WR,22.0,Stanford,Pac-12,12.0,0.0,0.0,0.0,0.0,0.0,4.0,48.0,0.0,59.0,704.0,2.0
2023,6,205,HOU,Xavier Hutchinson,WR,23.0,Iowa State,Big 12,12.0,0.0,1.0,0.0,0.0,0.0,0.0,0.0,0.0,107.0,1171.0,6.0
2023,6,210,NWE,Demario Douglas,WR,22.0,Liberty,Ind,13.0,0.0,0.0,0.0,0.0,0.0,5.0,105.0,1.0,79.0,993.0,6.0
2023,6,212,DAL,Deuce Vaughn,RB,21.0,Kansas State,Big 12,14.0,0.0,0.0,0.0,0.0,0.0,293.0,1558.0,9.0,42.0,378.0,3.0
2023,6,215,LAR,Zach Evans,RB,22.0,Mississippi,SEC,12.0,0.0,0.0,0.0,0.0,0.0,144.0,936.0,9.0,12.0,119.0,1.0
2023,7,219,DET,Antoine Green,WR,23.0,North Carolina,ACC,9.0,0.0,0.0,0.0,0.0,0.0,0.0,0.0,0.0,43.0,798.0,7.0
2023,7,220,NYJ,Zack Kuntz,TE,24.0,Old Dominion,Sun Belt,5.0,0.0,0.0,0.0,0.0,0.0,0.0,0.0,0.0,12.0,144.0,2.0
2023,7,222,MIN,DeWayne McBride,RB,22.0,UAB,CUSA,11.0,0.0,0.0,0.0,0.0,0.0,233.0,1713.0,19.0,2.0,10.0,0.0
2023,7,235,GNB,Lew Nichols,RB,22.0,Central Michigan,MAC,9.0,0.0,0.0,0.0,0.0,0.0,176.0,616.0,6.0,21.0,128.0,0.0
2023,7,237,SEA,Kenny McIntosh,RB,23.0,Georgia,SEC,15.0,0.0,0.0,0.0,0.0,0.0,150.0,829.0,10.0,43.0,505.0,2.0
2023,7,239,LAC,Max Duggan,QB,22.0,TCU,Big 12,15.0,267.0,419.0,3698.0,32.0,8.0,137.0,423.0,9.0,1.0,1.0,0.0
2023,7,244,DAL,Jalen Brooks,WR,23.0,South Carolina,SEC,12.0,0.0,0.0,0.0,0.0,0.0,4.0,51.0,1.0,33.0,504.0,1.0
2023,7,247,SFO,Brayden Willis,TE,23.0,Oklahoma,Big 12,13.0,1.0,1.0,24.0,1.0,0.0,10.0,26.0,0.0,39.0,514.0,7.0
2023,7,253,SFO,Ronnie Bell,WR,23.0,Michigan,Big Ten,14.0,0.0,1.0,0.0,0.0,0.0,3.0,23.0,1.0,62.0,889.0,4.0
2023,7,256,GNB,Grant Dubose,WR,22.0,Charlotte,CUSA,12.0,0.0,1.0,0.0,0.0,0.0,0.0,0.0,0.0,64.0,792.0,9.0
2024,1,1,CHI,Caleb Williams,QB,22.0,USC,Pac-12,12.0,266.0,388.0,3633.0,30.0,5.0,97.0,142.0,11.0,1.0,15.0,0.0
2024,1,2,WAS,Jayden Daniels,QB,23.0,LSU,SEC,12.0,236.0,327.0,3812.0,40.0,4.0,135.0,1134.0,10.0,0.0,0.0,0.0
2024,1,3,NWE,Drake Maye,QB,22.0,North Carolina,ACC,12.0,269.0,425.0,3608.0,24.0,9.0,112.0,449.0,9.0,0.0,0.0,0.0
2024,1,4,ARI,Marvin Harrison Jr.,WR,22.0,Ohio State,Big Ten,12.0,0.0,0.0,0.0,0.0,0.0,2.0,26.0,1.0,67.0,1211.0,14.0
2024,1,6,NYG,Malik Nabers,WR,21.0,LSU,SEC,13.0,0.0,0.0,0.0,0.0,0.0,1.0,1.0,0.0,89.0,1569.0,14.0
2024,1,8,ATL,Michael Penix,QB,24.0,Washington,Pac-12,15.0,363.0,555.0,4903.0,36.0,11.0,35.0,8.0,3.0,0.0,0.0,0.0
2024,1,9,CHI,Rome Odunze,WR,22.0,Washington,Pac-12,15.0,0.0,0.0,0.0,0.0,0.0,2.0,37.0,1.0,92.0,1640.0,13.0
2024,1,10,MIN,J.J. McCarthy,QB,21.0,Michigan,Big Ten,15.0,240.0,332.0,2991.0,22.0,4.0,64.0,202.0,3.0,0.0,0.0,0.0
2024,1,12,DEN,Bo Nix,QB,24.0,Oregon,Pac-12,14.0,364.0,470.0,4508.0,45.0,3.0,54.0,234.0,6.0,0.0,0.0,0.0
2024,1,13,LVR,Brock Bowers,TE,21.0,Georgia,SEC,10.0,0.0,0.0,0.0,0.0,0.0,6.0,28.0,1.0,56.0,714.0,6.0
2024,1,23,JAX,Brian Thomas,WR,21.0,LSU,SEC,13.0,0.0,0.0,0.0,0.0,0.0,1.0,-6.0,0.0,68.0,1177.0,17.0
2024,1,28,KAN,Xavier Worthy,WR,21.0,Texas,Big 12,14.0,1.0,2.0,35.0,0.0,0.0,4.0,35.0,0.0,75.0,1014.0,5.0
2024,1,31,SFO,Ricky Pearsall,WR,23.0,Florida,SEC,12.0,0.0,0.0,0.0,0.0,0.0,3.0,62.0,2.0,65.0,965.0,4.0
2024,1,32,CAR,Xavier Legette,WR,23.0,South Carolina,SEC,12.0,0.0,0.0,0.0,0.0,0.0,9.0,-9.0,0.0,71.0,1255.0,7.0
2024,2,33,BUF,Keon Coleman,WR,21.0,Florida State,ACC,12.0,0.0,0.0,0.0,0.0,0.0,1.0,2.0,0.0,50.0,658.0,11.0
2024,2,34,LAC,Ladd McConkey,WR,22.0,Georgia,SEC,9.0,0.0,0.0,0.0,0.0,0.0,2.0,38.0,1.0,30.0,478.0,2.0
2024,2,37,NWE,Ja'Lynn Polk,WR,22.0,Washington,Pac-12,15.0,0.0,0.0,0.0,0.0,0.0,4.0,32.0,1.0,69.0,1159.0,9.0
2024,2,46,CAR,Jonathon Brooks,RB,21.0,Texas,Big 12,11.0,0.0,0.0,0.0,0.0,0.0,187.0,1139.0,10.0,25.0,286.0,1.0
2024,2,52,IND,Adonai Mitchell,WR,21.0,Texas,Big 12,14.0,0.0,0.0,0.0,0.0,0.0,2.0,1.0,0.0,55.0,845.0,11.0
2024,2,53,WAS,Ben Sinnott,TE,22.0,Kansas State,Big 12,12.0,0.0,0.0,0.0,0.0,0.0,0.0,0.0,0.0,49.0,676.0,6.0
2024,3,65,NYJ,Malachi Corley,WR,22.0,Western Kentucky,CUSA,12.0,0.0,0.0,0.0,0.0,0.0,4.0,11.0,0.0,79.0,984.0,11.0
2024,3,66,ARI,Trey Benson,RB,22.0,Florida State,ACC,13.0,0.0,0.0,0.0,0.0,0.0,156.0,906.0,14.0,20.0,227.0,1.0
2024,3,80,CIN,Jermaine Burton,WR,23.0,Alabama,SEC,13.0,0.0,0.0,0.0,0.0,0.0,0.0,0.0,0.0,39.0,798.0,8.0
2024,3,82,ARI,Tip Reiman,TE,22.0,Illinois,Big Ten,12.0,0.0,0.0,0.0,0.0,0.0,0.0,0.0,0.0,19.0,203.0,3.0
2024,3,83,LAR,Blake Corum,RB,23.0,Michigan,Big Ten,15.0,0.0,0.0,0.0,0.0,0.0,258.0,1245.0,27.0,16.0,117.0,1.0
2024,3,84,PIT,Roman Wilson,WR,23.0,Michigan,Big Ten,15.0,0.0,0.0,0.0,0.0,0.0,1.0,10.0,0.0,48.0,789.0,12.0
2024,3,88,GNB,MarShawn Lloyd,RB,23.0,USC,Pac-12,11.0,0.0,0.0,0.0,0.0,0.0,116.0,820.0,9.0,13.0,232.0,0.0
2024,3,92,TAM,Jalen McMillan,WR,22.0,Washington,Pac-12,11.0,1.0,2.0,9.0,0.0,0.0,3.0,30.0,1.0,45.0,559.0,5.0
2024,3,100,WAS,Luke McCaffrey,WR,23.0,Rice,American,13.0,0.0,2.0,0.0,0.0,0.0,15.0,117.0,0.0,71.0,992.0,13.0
2024,4,101,CAR,Ja'Tavion Sanders,TE,21.0,Texas,Big 12,14.0,0.0,0.0,0.0,0.0,0.0,1.0,12.0,0.0,45.0,682.0,2.0
2024,4,102,DEN,Troy Franklin,WR,21.0,Oregon,Pac-12,13.0,0.0,0.0,0.0,0.0,0.0,0.0,0.0,0.0,81.0,1383.0,14.0
2024,4,107,NYG,Theo Johnson,TE,23.0,Penn State,Big Ten,13.0,0.0,0.0,0.0,0.0,0.0,0.0,0.0,0.0,34.0,341.0,7.0
2024,4,110,NWE,Javon Baker,WR,22.0,UCF,Big 12,13.0,0.0,0.0,0.0,0.0,0.0,0.0,0.0,0.0,52.0,1139.0,7.0
2024,4,113,BAL,Devontez Walker,WR,23.0,North Carolina,ACC,8.0,0.0,0.0,0.0,0.0,0.0,3.0,23.0,0.0,41.0,699.0,7.0
2024,4,115,CIN,Erick All,TE,23.0,Iowa,Big Ten,7.0,0.0,0.0,0.0,0.0,0.0,0.0,0.0,0.0,21.0,299.0,3.0
2024,4,120,MIA,Jaylen Wright,RB,21.0,Tennessee,SEC,12.0,0.0,0.0,0.0,0.0,0.0,137.0,1013.0,4.0,22.0,141.0,0.0
2024,4,121,SEA,AJ Barner,TE,22.0,Michigan,Big Ten,15.0,0.0,0.0,0.0,0.0,0.0,0.0,0.0,0.0,22.0,249.0,1.0
2024,4,123,HOU,Cade Stover,TE,24.0,Ohio State,Big Ten,12.0,0.0,0.0,0.0,0.0,0.0,0.0,0.0,0.0,41.0,576.0,5.0
2024,4,125,TAM,Bucky Irving,RB,22.0,Oregon,Pac-12,14.0,0.0,1.0,0.0,0.0,0.0,186.0,1180.0,11.0,56.0,413.0,2.0
2024,4,127,PHI,Will Shipley,RB,22.0,Clemson,ACC,12.0,0.0,0.0,0.0,0.0,0.0,167.0,827.0,5.0,31.0,244.0,2.0
2024,4,129,SFO,Isaac Guerendo,RB,24.0,Louisville,ACC,14.0,0.0,0.0,0.0,0.0,0.0,132.0,810.0,11.0,22.0,234.0,0.0
2024,4,131,KAN,Jared Wiley,TE,23.0,TCU,Big 12,12.0,0.0,0.0,0.0,0.0,0.0,0.0,0.0,0.0,47.0,520.0,8.0
2024,4,134,NYJ,Braelon Allen,RB,20.0,Wisconsin,Big Ten,11.0,0.0,0.0,0.0,0.0,0.0,181.0,984.0,12.0,28.0,132.0,0.0
2024,4,135,SFO,Jacob Cowing,WR,23.0,Arizona,Pac-12,13.0,1.0,1.0,-2.0,0.0,0.0,5.0,26.0,0.0,90.0,848.0,13.0
2024,5,142,IND,Anthony Gould,WR,23.0,Oregon State,Pac-12,11.0,0.0,0.0,0.0,0.0,0.0,4.0,22.0,0.0,44.0,718.0,2.0
2024,5,147,DEN,Audric Estime,RB,21.0,Notre Dame,Ind,12.0,0.0,0.0,0.0,0.0,0.0,210.0,1341.0,18.0,17.0,142.0,0.0
2024,5,150,NOR,Spencer Rattler,QB,23.0,South Carolina,SEC,12.0,275.0,399.0,3186.0,19.0,8.0,97.0,104.0,4.0,0.0,0.0,0.0
2024,5,152,PHI,Ainias Smith,WR,23.0,Texas A&M,SEC,12.0,0.0,0.0,0.0,0.0,0.0,5.0,21.0,0.0,53.0,795.0,2.0
2024,5,156,CLE,Jamari Thrash,WR,23.0,Louisville,ACC,12.0,0.0,0.0,0.0,0.0,0.0,1.0,12.0,1.0,63.0,858.0,6.0
2024,5,165,BAL,Rasheen Ali,RB,23.0,Marshall,Sun Belt,12.0,0.0,0.0,0.0,0.0,0.0,212.0,1135.0,15.0,28.0,213.0,1.0
2024,5,166,NYG,Tyrone Tracy Jr.,RB,24.0,Purdue,Big Ten,11.0,0.0,0.0,0.0,0.0,0.0,113.0,716.0,8.0,19.0,132.0,0.0
2024,5,167,JAX,Keilan Robinson,RB,24.0,Texas,Big 12,13.0,0.0,0.0,0.0,0.0,0.0,12.0,134.0,3.0,8.0,56.0,0.0
2024,5,170,NOR,Bub Means,WR,23.0,Pittsburgh,ACC,12.0,0.0,0.0,0.0,0.0,0.0,0.0,0.0,0.0,41.0,721.0,6.0
2024,5,171,NYJ,Jordan Travis,QB,24.0,Florida State,ACC,11.0,207.0,324.0,2756.0,20.0,2.0,73.0,176.0,7.0,0.0,0.0,0.0
2024,6,181,LAC,Kimani Vidal,RB,23.0,Troy,Sun Belt,14.0,0.0,0.0,0.0,0.0,0.0,297.0,1661.0,14.0,18.0,201.0,1.0
2024,6,182,TEN,Jha'Quan Jackson,WR,24.0,Tulane,American,10.0,0.0,0.0,0.0,0.0,0.0,5.0,51.0,0.0,26.0,439.0,4.0
2024,6,184,MIA,Malik Washington,WR,23.0,Virginia,ACC,12.0,0.0,1.0,0.0,0.0,0.0,3.0,7.0,0.0,110.0,1426.0,9.0
2024,6,185,PHI,Johnny Wilson,WR,23.0,Florida State,ACC,10.0,0.0,0.0,0.0,0.0,0.0,0.0,0.0,0.0,41.0,617.0,2.0
2024,6,186,ATL,Jase McClellan,RB,22.0,Alabama,SEC,13.0,0.0,0.0,0.0,0.0,0.0,180.0,890.0,8.0,15.0,137.0,0.0
2024,6,187,ATL,Casey Washington,WR,23.0,Illinois,Big Ten,12.0,0.0,0.0,0.0,0.0,0.0,0.0,0.0,0.0,49.0,670.0,4.0
2024,6,191,ARI,Tejhaun Palmer,WR,24.0,UAB,American,12.0,0.0,0.0,0.0,0.0,0.0,0.0,0.0,0.0,47.0,858.0,7.0
2024,6,193,NWE,Joe Milton,QB,24.0,Tennessee,SEC,12.0,229.0,354.0,2813.0,20.0,5.0,78.0,299.0,7.0,1.0,6.0,0.0
2024,6,194,CIN,Tanner McLachlan,TE,25.0,Arizona,Pac-12,13.0,0.0,0.0,0.0,0.0,0.0,0.0,0.0,0.0,45.0,528.0,4.0
2024,6,205,HOU,Jawhar Jordan,RB,25.0,Louisville,ACC,13.0,0.0,0.0,0.0,0.0,0.0,181.0,1128.0,13.0,21.0,246.0,1.0
2024,6,213,LAR,Jordan Whittington,WR,23.0,Texas,Big 12,14.0,0.0,0.0,0.0,0.0,0.0,3.0,18.0,0.0,42.0,505.0,1.0
2024,6,218,BAL,Devin Leary,QB,24.0,Kentucky,SEC,13.0,209.0,371.0,2746.0,25.0,12.0,42.0,-60.0,1.0,1.0,-4.0,0.0
2024,7,225,LAC,Brenden Rice,WR,22.0,USC,Pac-12,12.0,0.0,0.0,0.0,0.0,0.0,0.0,0.0,0.0,45.0,791.0,12.0
2024,7,231,NWE,Jaheim Bell,TE,23.0,Florida State,ACC,13.0,0.0,0.0,0.0,0.0,0.0,4.0,2.0,1.0,39.0,503.0,2.0
2024,7,235,DEN,Devaughn Vele,WR,26.0,Utah,Pac-12,10.0,1.0,3.0,6.0,0.0,0.0,0.0,0.0,0.0,43.0,593.0,3.0
2024,7,241,MIA,Tahj Washington,WR,23.0,USC,Pac-12,13.0,0.0,0.0,0.0,0.0,0.0,1.0,10.0,0.0,59.0,1062.0,8.0
2024,7,245,GNB,Michael Pratt,QB,22.0,Tulane,American,11.0,185.0,283.0,2406.0,22.0,5.0,98.0,286.0,5.0,0.0,0.0,0.0
2024,7,246,TAM,Devin Culp,TE,24.0,Washington,Pac-12,15.0,0.0,0.0,0.0,0.0,0.0,0.0,0.0,0.0,16.0,208.0,2.0
2024,7,253,LAC,Cornelius Johnson,WR,23.0,Michigan,Big Ten,15.0,0.0,0.0,0.0,0.0,0.0,3.0,40.0,0.0,47.0,604.0,1.0
